score	clip	text spoken	heard
0.64	gk-lkg-sports-equipment-s07.mp3	ବ୍ୟାଡମିଣ୍ଟନ ର୍ୟାକେଟ ଆଉ ଶଟଲକକରେ ଖେଳାଯାଏ.	3.9s
0.67	evs-ukg-states-india-s06.mp3	ଓଡ଼ିଶାର ସମୁଦ୍ର କୂଳକୁ ପ୍ରତିବର୍ଷ ଲକ୍ଷ ଲକ୍ଷ କଇଁଛ ଆସନ୍ତି.	5.3s
0.67	gk-lkg-sports-equipment-s03.mp3	କ୍ରିକେଟ ବ୍ୟାଟ ଆଉ ବଲରେ ଖେଳାଯାଏ.	2.8s
0.68	gk-lkg-sports-equipment-s11.mp3	ବାସ୍କେଟବଲରେ ବଲକୁ ଉପରେ ଥିବା ବାସ୍କେଟରେ ପକାଯାଏ.	4.3s
0.69	evs-ukg-states-india-s07.mp3	ପଶ୍ଚିମବଙ୍ଗର ସୁନ୍ଦରବନରେ ବାଘ ରହନ୍ତି.	3.8s
0.69	evs-ukg-places-of-worship-s06.mp3	ସମସ୍ତଙ୍କର ପ୍ରାର୍ଥନା ସ୍ଥାନ ଅଲଗା, ଆଉ ଆମେ ସବୁଗୁଡ଼ିକୁ ସମ୍ମାନ କରୁ.	6.0s
0.70	eng-nur-insects-s04.mp3	ଏହା ଏକ ପ୍ରଜାପତି. ପ୍ରଜାପତିର ଡେଣା ରଙ୍ଗବେରଙ୍ଗ.	4.4s
0.71	demo-street-s02.mp3	ଗୋଟିଏ ଦୋକାନ, ଗୋଟିଏ ଡାକ୍ତରଖାନା, ଗୋଟିଏ ଡାକଘର ଆଉ ଗୋଟିଏ ବ୍ୟାଙ୍କ.	5.7s
0.71	hin-lkg-sabji-rang-s06.mp3	ବାଇଗଣ ବାଇଗଣୀ ରଙ୍ଗର.	2.2s
0.72	evs-ukg-balloon-ride-s05.mp3	ଆଉ ଉପରେ ସୂର୍ଯ୍ୟ ଚମକୁଛି.	2.5s
0.72	evs-nur-festivals-s07.mp3	ଆଉ ପରସ୍ପରକୁ ଉପହାର ଦେଉ.	2.6s
0.73	evs-ukg-seasons-s02.mp3	ଖରାଦିନେ ସୂର୍ଯ୍ୟ ଜୋରରେ ଚମକେ, ଆଉ ବହୁତ ଗରମ ହୁଏ.	4.6s
0.73	eng-nur-animals-check-s05.mp3	ଏମାନଙ୍କ ଭିତରୁ କିଏ ଜଙ୍ଗଲରେ ରହେ.	3.3s
0.73	evs-lkg-professions-s01.mp3	ସମସ୍ତେ ନିଜ ନିଜ କାମ କରନ୍ତି, ଆଉ ପ୍ରତ୍ୟେକ କାମର ନିଜର ଉପକରଣ ଥାଏ.	6.5s
0.74	evs-lkg-special-vehicles-s07.mp3	ଆମ୍ବୁଲାନ୍ସ କିମ୍ବା ଦମକଳର ସାଇରନ ବାଜିଲେ, ସମସ୍ତେ ତାକୁ ବାଟ ଛାଡ଼ନ୍ତି.	6.4s
0.75	evs-ukg-water-cycle-s03.mp3	ଉଚ୍ଚରେ ଥଣ୍ଡା, ଆଉ ବାଷ୍ପ ମେଘ ହୋଇଯାଏ.	3.5s
0.75	evs-ukg-states-india-s04.mp3	ମହାରାଷ୍ଟ୍ରର ହାପୁସ ଆମ୍ବ ବହୁତ ପ୍ରସିଦ୍ଧ.	4.1s
0.75	evs-ukg-states-india-s09.mp3	ପଞ୍ଜାବର କ୍ଷେତରେ ବହୁତ ଗହମ ଫଳେ.	3.3s
0.76	math-nur-count-51-100-s26.mp3	ଏକସ୍ତରି ରୁ ପଞ୍ଚସ୍ତରି.	2.4s
0.76	evs-nur-good-habits-s08.mp3	ଆମେ ବଡ଼ମାନଙ୍କୁ ନମସ୍କାର କରୁ, ଆଉ କହୁ, ଦୟାକରି, ଆଉ ଧନ୍ୟବାଦ.	6.0s
0.76	evs-ukg-river-crossing-s05.mp3	କିନ୍ତୁ ସବୁବେଳେ ଜଣେ ବଡ଼ଙ୍କ ସହ, ଆଉ ନାଉରିଆଙ୍କ କଥା ମାନି.	5.4s
0.76	evs-ukg-states-india-s08.mp3	ଆସାମରେ ଏକ ଶିଙ୍ଗିଆ ଗଣ୍ଡା ରହେ.	3.0s
0.76	eng-lkg-days-week-s03.mp3	ମଙ୍ଗଳବାର ପରେ ବୁଧବାର ଆସେ.	2.8s
0.77	evs-ukg-village-city-s02.mp3	କେବଳ ଗୋଟିଏ ମହଲା, ଆଉ ଆଗରେ ବାରଣ୍ଡା.	3.6s
0.77	eng-nur-animals-check-s04.mp3	ଏମାନଙ୍କ ଭିତରୁ କିଏ ସମୁଦ୍ରରେ ରହେ.	3.4s
0.77	demo-india-s02.mp3	ଏହି ଚଉତରା ଉପରେ ଆମର ଜାତୀୟ ପ୍ରତୀକ ରଖାଯିବ.	4.7s
0.77	evs-ukg-places-of-worship-s01.mp3	ଲୋକେ ଅଲଗା ଅଲଗା ଜାଗାରେ ପ୍ରାର୍ଥନା କରନ୍ତି. ଆସ ସେଗୁଡ଼ିକୁ ଦେଖିବା.	5.9s
0.77	gk-lkg-sports-equipment-s13.mp3	ଟେନିସ ର୍ୟାକେଟ ଆଉ ବଲରେ ଖେଳାଯାଏ.	3.3s
0.77	math-ukg-sub-double-s02.mp3	ପନ୍ଦର ବିଯୁକ୍ତ ପାଞ୍ଚ ହେଲା ଦଶ.	3.1s
0.78	math-ukg-add-double-s02.mp3	ଦଶ ଯୁକ୍ତ ପାଞ୍ଚ ହେଲା ପନ୍ଦର.	2.9s
0.78	farm_yard_s2.mp3	ଆମକୁ କ୍ଷୀର ଦେଉଥିବା ପ୍ରାଣୀକୁ ଖୋଜି ପାରିବ କି.	4.1s
0.78	evs-nur-festivals-s05.mp3	ହୋଲି ରଙ୍ଗର ପର୍ବ. ଆମେ ପରସ୍ପରକୁ ଅବିର ଲଗାଉ.	4.7s
0.78	evs-lkg-professions-s05.mp3	ଶିକ୍ଷୟିତ୍ରୀ ବହିରୁ ପଢ଼ାନ୍ତି.	2.7s
0.78	evs-ukg-national-symbols-s07.mp3	ଆଉ ବର ଗଛ ଆମର ଜାତୀୟ ବୃକ୍ଷ.	3.1s
0.78	eng-nur-water-animals-s01.mp3	ଆମେ ସମୁଦ୍ର ଭିତରେ ଅଛୁ. ଏଠି ପାଣିରେ ବହୁତ ପ୍ରାଣୀ ରହନ୍ତି.	5.3s
0.78	evs-ukg-water-cycle-s02.mp3	ଗରମ ପାଣି ବାଷ୍ପ ହୋଇ ଉପରକୁ, ଉପରକୁ ଆକାଶକୁ ଉଠେ.	4.9s
0.78	evs-ukg-places-of-worship-s02.mp3	ଏହା ଏକ ଗୀର୍ଜା. ଖ୍ରୀଷ୍ଟିଆନମାନେ ଏଠାରେ ପ୍ରାର୍ଥନା କରନ୍ତି.	5.6s
0.78	evs-lkg-professions-s09.mp3	ଚାଷୀ ଟ୍ରାକ୍ଟରରେ ଜମି ହଳ କରନ୍ତି.	3.3s
0.79	eng-lkg-in-on-under-s03.mp3	ହଳଦିଆ ବଲ ଟବ ଭିତରେ ଅଛି.	2.7s
0.79	evs-ukg-water-cycle-s01.mp3	ସୂର୍ଯ୍ୟ ପୋଖରୀର ପାଣିକୁ ଗରମ କରେ.	3.3s
0.79	eng-nur-birds-s01.mp3	ଏମାନେ ପକ୍ଷୀ. ପକ୍ଷୀମାନଙ୍କର ଡେଣା ଥାଏ, ଆଉ ସେମାନେ ଉଡ଼ନ୍ତି.	5.6s
0.79	eng-nur-wild-animal-traits-s07.mp3	କଙ୍ଗାରୁ ନିଜ ଛୁଆକୁ ପେଟର ଥଳିରେ ରଖେ.	3.5s
0.79	math-ukg-add-double-s06.mp3	କୋଡ଼ିଏ ଯୁକ୍ତ ପନ୍ଦର ହେଲା ପଇଁତିରିଶ.	3.5s
0.79	eng-lkg-hot-cold-s02.mp3	ଆଇସକ୍ରିମ ଥଣ୍ଡା.	1.9s
0.79	math-nur-count-21-50-s14.mp3	ଏକତିରିଶ ରୁ ପଇଁତିରିଶ.	2.3s
0.79	evs-ukg-safe-touch-s06.mp3	ତୃତୀୟ, ଭରସା କରୁଥିବା ଜଣେ ବଡ଼ଙ୍କୁ କୁହ.	3.8s
0.80	solar_system_s1.mp3	ଆମେ ମହାକାଶରେ ଭାସୁଛେ. ସୂର୍ଯ୍ୟ ତୁମ ଆଗରେ, ବର୍ତ୍ତମାନ ବୁଲି ଚାରିଆଡ଼େ ଦେଖ.	6.9s
0.80	math-ukg-sub-double-s04.mp3	ଅଠର ବିଯୁକ୍ତ ଛଅ ହେଲା ବାର.	2.7s
0.80	gk-lkg-sports-equipment-s06.mp3	ଏହା ଏକ ର୍ୟାକେଟ.	1.7s
0.80	gk-lkg-sports-equipment-s12.mp3	ଏହା ଏକ ର୍ୟାକେଟ.	1.7s
0.80	chem_lab_s3.mp3	ଷ୍ଟାଣ୍ଡରେ ଥିବା ଲମ୍ବା ନଳୀକୁ ପରୀକ୍ଷା ନଳୀ କୁହାଯାଏ.	4.8s
0.80	gk-lkg-sports-equipment-s05.mp3	ଫୁଟବଲରେ ବଲକୁ ଗୋଡ଼ରେ ମାରି ଗୋଲ ଭିତରକୁ ପଠାଯାଏ.	4.8s
0.80	evs-ukg-dinosaur-park-s04.mp3	ଏହି ଡାଇନୋସରର ମୁଣ୍ଡରେ ଗୋଟିଏ ଲମ୍ବା ଚୂଳ ଥିଲା.	4.6s
0.80	evs-ukg-dinosaur-park-s01.mp3	ଏହା ଡାଇନୋସର ପାର୍କ. ଏଗୁଡ଼ିକ ଡାଇନୋସରର ମୂର୍ତ୍ତି, ଏମାନେ ପ୍ରକୃତ ନୁହନ୍ତି. ଡାଇନୋସର ବହୁତ, ବହୁତ ଆଗରୁ ଥିଲେ. ଆଜି କୌଣସି ଡାଇନୋସର ବଞ୍ଚି ନାହାନ୍ତି.	14.3s
0.80	evs-ukg-india-culture-s01.mp3	ଭାରତରେ ଅନେକ ପ୍ରକାରର ଲୋକ ରହନ୍ତି. ସମସ୍ତଙ୍କର ନିଜର ଭାଷା, ନିଜର ପୋଷାକ ଆଉ ନିଜର ପର୍ବ ଅଛି.	9.7s
0.80	eng-nur-fruits-s09.mp3	ଏହା ଏକ ଷ୍ଟ୍ରବେରୀ.	1.9s
0.80	evs-lkg-professions-s04.mp3	ଏ ଜଣେ ଶିକ୍ଷୟିତ୍ରୀ.	1.9s
0.80	eng-nur-shapes-s04.mp3	ଏହା ଏକ ତ୍ରିଭୁଜ.	1.7s
0.80	eng-nur-insects-s01.mp3	ଏମାନେ କୀଟପତଙ୍ଗ. କୀଟପତଙ୍ଗ ବହୁତ ଛୋଟ, ଏଠି ଆମେ ସେମାନଙ୍କୁ ବଡ଼ କରି ଦେଖାଇଛୁ. ଗଣ, ପ୍ରତ୍ୟେକ କୀଟର ଛଅଟି ଗୋଡ଼ ଥାଏ.	11.4s
0.80	math-ukg-multiply-single-s07.mp3	ତିନି ଗୁଣନ ଚାରି ହେଲା ବାର.	2.3s
0.81	eng-lkg-months-year-s13.mp3	ଜାନୁଆରୀରୁ ଡିସେମ୍ବର, ଏହା ହେଲା ପୂରା ବର୍ଷ.	4.0s
0.81	evs-ukg-india-culture-s02.mp3	ଆମେ ହାତ ଯୋଡ଼ି ନମସ୍କାର କରୁ.	2.8s
0.81	gk-lkg-sports-equipment-s01.mp3	ଖେଳିଲେ ଆମେ ସୁସ୍ଥ ରହୁ. ପ୍ରତ୍ୟେକ ଖେଳର ନିଜର ସରଞ୍ଜାମ ଥାଏ.	5.9s
0.81	evs-lkg-healthy-food-s01.mp3	ଏମାନଙ୍କ ଭିତରୁ କେଉଁଟି ସ୍ୱାସ୍ଥ୍ୟକର ଖାଦ୍ୟ. ତାକୁ ଛୁଅଁ.	5.3s
0.81	evs-lkg-healthy-food-s02.mp3	ଏମାନଙ୍କ ଭିତରୁ କେଉଁଟି ସ୍ୱାସ୍ଥ୍ୟକର ଖାଦ୍ୟ. ତାକୁ ଛୁଅଁ.	5.3s
0.81	evs-lkg-healthy-food-s03.mp3	ଏମାନଙ୍କ ଭିତରୁ କେଉଁଟି ସ୍ୱାସ୍ଥ୍ୟକର ଖାଦ୍ୟ. ତାକୁ ଛୁଅଁ.	5.3s
0.81	evs-lkg-community-helpers-s08.mp3	ସେମାନେ ଆମକୁ ସାହାଯ୍ୟ କଲେ, ଆମେ କହୁ, ଧନ୍ୟବାଦ.	4.5s
0.81	evs-lkg-special-vehicles-s03.mp3	ଏହା ଆମ୍ବୁଲାନ୍ସ. ଏହା ଅସୁସ୍ଥ ଲୋକଙ୍କୁ ଶୀଘ୍ର ଡାକ୍ତରଖାନା ନିଏ.	6.2s
0.81	evs-ukg-national-symbols-s01.mp3	ଆମ ଦେଶର ନାଁ ଭାରତ. ପ୍ରତ୍ୟେକ ଦେଶର ନିଜର ଜାତୀୟ ପ୍ରତୀକ ଥାଏ.	6.2s
0.81	evs-nur-good-habits-s04.mp3	ଆମେ ପ୍ରତିଦିନ ଗାଧୋଉ ଆଉ ତଉଲିଆରେ ଦେହ ପୋଛୁ.	4.5s
0.81	evs-ukg-states-india-s03.mp3	ଗୁଜରାଟର ଗିର ଜଙ୍ଗଲରେ ସିଂହ ରହନ୍ତି.	3.8s
0.81	evs-ukg-national-symbols-s04.mp3	ମୟୂର ଆମର ଜାତୀୟ ପକ୍ଷୀ.	2.6s
0.81	eng-lkg-days-week-s02.mp3	ସୋମବାର ପରେ ମଙ୍ଗଳବାର ଆସେ.	3.0s
0.81	math-ukg-sub-double-s06.mp3	ତିରିଶ ବିଯୁକ୍ତ ଦଶ ହେଲା କୋଡ଼ିଏ.	3.0s
0.81	evs-ukg-village-city-s04.mp3	ଚାରି ମହଲା, ପାଞ୍ଚ ମହଲା, ଗୋଟିଏ ଉପରେ ଆଉ ଗୋଟିଏ.	4.7s
0.81	evs-lkg-professions-s10.mp3	ଏ ଜଣେ ଅଗ୍ନିଶମ କର୍ମଚାରୀ.	2.8s
0.81	hin-lkg-sabji-rang-s04.mp3	ଗାଜର କମଳା ରଙ୍ଗର.	2.1s
0.81	evs-lkg-professions-s03.mp3	ଡାକ୍ତର ଷ୍ଟେଥୋସ୍କୋପରେ ଆମ ହୃଦୟର ଧକଧକ ଶୁଣନ୍ତି.	5.4s
0.82	eng-lkg-hot-cold-s03.mp3	ଚୁଲିରୁ ଓହ୍ଲାଇଥିବା ହାଣ୍ଡି ଗରମ.	3.2s
0.82	eng-nur-wild-animal-traits-s06.mp3	ଗଣ୍ଡାର ନାକ ଉପରେ ଶିଙ୍ଗ ଥାଏ.	3.0s
0.82	evs-ukg-states-india-s01.mp3	ଭାରତ ବହୁତ ବଡ଼ ଦେଶ. ଏଥିରେ ଅଠେଇଶଟି ରାଜ୍ୟ ଅଛି. ପ୍ରତ୍ୟେକ ରାଜ୍ୟର କିଛି ଖାସ କଥା ଅଛି.	8.6s
0.82	evs-ukg-places-of-worship-s04.mp3	ଏହା ଏକ ମସଜିଦ. ମୁସଲମାନମାନେ ଏଠାରେ ପ୍ରାର୍ଥନା କରନ୍ତି.	5.8s
0.82	eng-lkg-animal-sound-names-s01.mp3	ପ୍ରତ୍ୟେକ ପଶୁର ଡାକର ଗୋଟିଏ ନାଁ ଅଛି.	3.7s
0.83	evs-ukg-places-of-worship-s05.mp3	ଏହା ଏକ ମନ୍ଦିର. ହିନ୍ଦୁମାନେ ଏଠାରେ ପ୍ରାର୍ଥନା କରନ୍ତି.	5.4s
0.83	evs-ukg-river-crossing-s02.mp3	ନଦୀ ଗଭୀର, ଆଉ ପାଣି ଜୋରରେ ବହେ. ଆମେ କେବେ ବି ଏକୁଟିଆ ନଦୀକୁ ଓହ୍ଲାଉ ନାହିଁ.	6.9s
0.83	evs-nur-festivals-s08.mp3	ଇଦରେ ଆମେ ଜହ୍ନ ଦେଖୁ, ଆଉ ସମସ୍ତଙ୍କୁ ଇଦ ମୁବାରକ କହୁ.	5.6s
0.83	evs-nur-rainbow-s03.mp3	ଆଉ ଦେଖ, ଇନ୍ଦ୍ରଧନୁ.	2.2s
0.83	evs-ukg-snow-camp-s05.mp3	ଆଉ ଦେଖ ଆମେ କଣ ତିଆରି କଲୁ, ସ୍ନୋମ୍ୟାନ.	3.9s
0.83	math-ukg-compare-numbers-s05.mp3	ପାଞ୍ଚ ଆଉ ପାଞ୍ଚ କୁ ଦେଖ.	2.4s
0.83	evs-ukg-germination-s06.mp3	ମଞ୍ଜିରୁ ଗଛ ହେବାକୁ ଅଙ୍କୁରୋଦ୍ଗମ କୁହାଯାଏ. ତୁମେ ମଧ୍ୟ ଗୋଟିଏ ମଞ୍ଜି ବୁଣି ଦେଖ.	7.6s
0.83	our_classroom_s1.mp3	ବର୍ତ୍ତମାନ ଆମେ ଭିତରେ. ଏହା ଆମର ଶ୍ରେଣୀ କକ୍ଷ.	4.8s
0.83	math-nur-long-short-s03.mp3	ଏହି ଦୁଇଟି ଭିତରୁ ସବୁଜଟି ଅଧିକ ଲମ୍ବା.	3.9s
0.83	evs-ukg-seasons-s01.mp3	ପ୍ରତିବର୍ଷ ତିନୋଟି ଋତୁ ଆସେ, ଖରାଦିନ, ବର୍ଷାଦିନ ଆଉ ଶୀତଦିନ.	6.1s
0.83	evs-ukg-places-of-worship-s03.mp3	ଏହା ଏକ ଗୁରୁଦ୍ୱାର. ଶିଖମାନେ ଏଠାରେ ପ୍ରାର୍ଥନା କରନ୍ତି.	5.5s
0.83	evs-ukg-safe-touch-s08.mp3	ଏଥିରେ କେବେ ବି ତୁମର ଭୁଲ ନୁହେଁ. ଆଉ ଜଣେ ନ ଶୁଣିଲେ ଆଉ ଜଣଙ୍କୁ କୁହ, କେହି ସାହାଯ୍ୟ ନ କରିବା ଯାଏଁ କହି ଚାଲ.	9.8s
0.83	evs-lkg-community-helpers-s02.mp3	ଏ ଜଣେ ଡାକ୍ତର. ଆମେ ଅସୁସ୍ଥ ହେଲେ ଡାକ୍ତର ଆମକୁ ଭଲ କରନ୍ତି.	6.1s
0.83	evs-ukg-safe-touch-s02.mp3	କିଛି ଛୁଆଁ ଭଲ ଲାଗେ, ଯେମିତି ମାଆ କୋଳେଇ ନେବା, କିମ୍ବା ରାସ୍ତା ପାର ହେଲାବେଳେ ହାତ ଧରିବା. ଏହାକୁ ନିରାପଦ ଛୁଆଁ କୁହାଯାଏ.	10.5s
0.83	our_classroom_s2.mp3	ତୁମର ସାଙ୍ଗମାନେ ଚଟାଣିରେ ବସିଛନ୍ତି. ସେମାନଙ୍କ ସହ ବସ.	5.7s
0.83	evs-ukg-safe-touch-s03.mp3	କେହି ଯଦି ଏମିତି ଛୁଏଁ ଯେ ତୁମକୁ ଖରାପ ଲାଗେ, ଡର ଲାଗେ, କିମ୍ବା କଷ୍ଟ ହୁଏ, ତାହା ଅନିରାପଦ ଛୁଆଁ. ଲୁଗାରେ ଘୋଡ଼ା ରହୁଥିବା ଅଙ୍ଗକୁ କେହି ଛୁଇଁପାରିବେ ନାହିଁ.	13.4s
0.83	math-lkg-opposites-s08.mp3	ଆଉ ଏହା ଥଣ୍ଡା, ଗରମର ଓଲଟା.	3.1s
0.83	evs-ukg-germination-s03.mp3	ଏବେ ଗୋଟିଏ ଗଜା ଉପରକୁ ବଢ଼େ ଆଉ ମାଟିରୁ ମୁହଁ କାଢ଼େ.	4.8s
0.83	hin-nur-vadya-yantra-s01.mp3	ଏଗୁଡ଼ିକ ବାଦ୍ୟଯନ୍ତ୍ର. ଏଥିରୁ ମଧୁର ସଙ୍ଗୀତ ବାହାରେ.	5.3s
0.84	evs-ukg-dinosaur-park-s02.mp3	ଏହା ଟ୍ରାଇସେରାଟପ୍ସ. ଏହାର ତିନୋଟି ଶିଙ୍ଗ ଥିଲା. ଏହା ଗଛପତ୍ର ଖାଉଥିଲା.	7.0s
0.84	evs-ukg-dinosaur-park-s05.mp3	ଏହା ଆପାଟୋସରସ. ଏହାର ବେକ ବହୁତ ଲମ୍ବା ଥିଲା. ଏହା ସବୁଠାରୁ ବଡ଼ ଡାଇନୋସରମାନଙ୍କ ଭିତରୁ ଗୋଟିଏ ଥିଲା.	10.1s
0.84	demo-india-flag.mp3	ଏହା ଆମର ଜାତୀୟ ପତାକା, ତ୍ରିରଙ୍ଗା.	3.5s
0.84	evs-ukg-river-crossing-s03.mp3	ଏହା ଏକ ପୋଲ. ପୋଲ ଉପରେ ଚାଲି ନଦୀ ପାର ହେବା ସବୁଠାରୁ ନିରାପଦ.	6.0s
0.84	evs-ukg-flowers-s01.mp3	ଫୁଲ ଗଛରେ ଫୁଟେ. ପ୍ରତ୍ୟେକ ଫୁଲର ନିଜର ରଙ୍ଗ ଆଉ ନିଜର ବାସନା ଥାଏ.	6.8s
0.84	eng-lkg-transport-types-s14.mp3	ଏହା ଏକ ହେଲିକପ୍ଟର.	2.2s
0.84	gk-lkg-sports-equipment-s10.mp3	ଏହା ଏକ ବାସ୍କେଟବଲ.	2.2s
0.84	evs-nur-rainbow-s01.mp3	ପ୍ରଥମେ ବର୍ଷା ହେଲା.	2.0s
0.84	eng-lkg-months-year-s10.mp3	ତାପରେ ଅକ୍ଟୋବର.	1.8s
0.84	eng-nur-fruits-s10.mp3	ଏହା ଏକ ତରଭୁଜ.	1.8s
0.84	evs-nur-good-habits-s07.mp3	ଆଉ କ୍ଷୀର ପିଉ.	1.5s
0.84	eng-nur-water-animals-s09.mp3	ଆଉ ଏହା ଏକ ସମୁଦ୍ର ଘୋଡ଼ା.	2.7s
0.84	solar_system_s10.mp3	ନେପଚୁନ ସବୁଠାରୁ ଦୂରରେ, ଓ ସବୁଠାରୁ ଥଣ୍ଡା.	4.2s
0.84	evs-lkg-animal-footprints-s01.mp3	ଭୂଇଁ ଉପରେ ଏଗୁଡ଼ିକ କାହାର ପାଦଚିହ୍ନ.	3.8s
0.84	evs-lkg-animal-footprints-s03.mp3	ଭୂଇଁ ଉପରେ ଏଗୁଡ଼ିକ କାହାର ପାଦଚିହ୍ନ.	3.8s
0.84	evs-lkg-animal-footprints-s05.mp3	ଭୂଇଁ ଉପରେ ଏଗୁଡ଼ିକ କାହାର ପାଦଚିହ୍ନ.	3.8s
0.84	evs-lkg-animal-footprints-s07.mp3	ଭୂଇଁ ଉପରେ ଏଗୁଡ଼ିକ କାହାର ପାଦଚିହ୍ନ.	3.8s
0.85	evs-ukg-farm-visit-sheep.mp3	ଏହା ଏକ ମେଣ୍ଢା. ମେଣ୍ଢାର ଲୋମରୁ ପଶମ ତିଆରି ହୁଏ.	4.9s
0.85	evs-ukg-states-india-s05.mp3	କେରଳରେ ବହୁତ ନଡ଼ିଆ ଗଛ ଅଛି.	3.1s
0.85	evs-nur-festivals-s03.mp3	ଆଉ ଅଗଣାରେ ଝୋଟି ଚିତା ପକାଉ.	2.9s
0.85	evs-nur-festivals-s06.mp3	ବଡ଼ଦିନରେ ଆମେ କ୍ରିସମାସ ଗଛ ସଜାଉ.	3.8s
0.85	school_hall_s2.mp3	ଦୁଇ ପାଖରେ କବାଟ ଅଛି. ପ୍ରତ୍ୟେକ କବାଟ ଅଲଗା ଘରକୁ ଯାଏ.	5.8s
0.85	eng-ukg-behind-front-s01.mp3	ଏଠି ଗୋଟିଏ ପଥର ଅଛି, ଆଉ ଏଠି ଗୋଟିଏ କୁକୁଡ଼ା.	4.5s
0.85	eng-nur-animal-sounds-s01.mp3	ପ୍ରତ୍ୟେକ ପଶୁର ନିଜର ଡାକ ଅଛି. ଗୋଟିଏକୁ ଦେଖ, ଆଉ ଶୁଣ.	5.6s
0.85	evs-lkg-special-vehicles-s05.mp3	ଏହା ସ୍କୁଲ ବସ. ଏହା ପିଲାମାନଙ୍କୁ ସ୍କୁଲ ନିଏ.	4.5s
0.85	physics_lab_s1.mp3	ଏହା ପଦାର୍ଥ ବିଜ୍ଞାନ ପରୀକ୍ଷାଗାର. ଏଠାରେ ଜିନିଷ କିପରି ଚଳେ ଶିଖୁ.	6.5s
0.85	eng-nur-wild-animals-s01.mp3	ଏହା ଜଙ୍ଗଲ. ଏଠି ବଣୁଆ ପଶୁମାନେ ରହନ୍ତି.	4.2s
0.85	evs-ukg-national-symbols-s02.mp3	ଏହା ଆମର ଜାତୀୟ ପତାକା, ତ୍ରିରଙ୍ଗା. ଏଥିରେ ଗେରୁଆ, ଧଳା ଆଉ ସବୁଜ ରଙ୍ଗ ଅଛି, ଆଉ ମଝିରେ ଅଶୋକ ଚକ୍ର.	10.0s
0.85	solar_system_s11.mp3	ନିଜ ଚାରିପଟେ ଦେଖ. ଆଠଟି ଗ୍ରହ ଆମ ସୂର୍ଯ୍ୟ ଚାରିପଟେ ବୁଲୁଛନ୍ତି, ଆଉ ଆମେ ତା ଭିତରେ.	8.3s
0.85	school_tour_s2.mp3	ଆମର ଖାଦ୍ୟ କେଉଁଠି ରନ୍ଧା ହୁଏ ଖୋଜି ପାରିବ କି.	4.5s
0.85	evs-ukg-balloon-ride-s01.mp3	ଆମେ ଗରମ ପବନ ବେଲୁନରେ ଅଛୁ. ଟୋକେଇର ଧାରରୁ ତଳକୁ ଦେଖ.	5.8s
0.85	gk-ukg-sink-float-s03.mp3	ଅଣ୍ଡା ବୁଡ଼େ, ଏହା ତଳକୁ ଚାଲିଯାଏ.	3.1s
0.85	eng-lkg-transport-types-s01.mp3	ଆମେ ଗୋଟିଏ ଜାଗାରୁ ଆଉ ଗୋଟିଏ ଜାଗାକୁ କେମିତି ଯାଉ. ଯାନବାହାନରେ. କିଛି ରାସ୍ତାରେ ଚାଲେ, କିଛି ପାଣିରେ, ଆଉ କିଛି ଆକାଶରେ.	10.8s
0.85	hin-ukg-char-akshar-s02.mp3	ମିଶି ହେଲା ମକସଦ, ମାନେ ଉଦ୍ଦେଶ୍ୟ.	3.4s
0.85	our_classroom_s4.mp3	ଏହା ବ୍ଲାକବୋର୍ଡ. ଶିକ୍ଷୟିତ୍ରୀ ଏଥିରେ ଲେଖନ୍ତି.	4.7s
0.85	hin-lkg-khet-upar-niche-s07.mp3	ଆଉ ବାଇଗଣ ମଧ୍ୟ.	2.0s
0.86	evs-nur-festivals-s04.mp3	ମକର ସଂକ୍ରାନ୍ତିରେ ଆମେ ଗୁଡ଼ି ଉଡ଼ାଉ.	3.6s
0.86	evs-lkg-community-helpers-s01.mp3	ଏମାନେ ଆମର ସାହାଯ୍ୟକାରୀ. ଏମାନେ ସମସ୍ତେ ଆମକୁ ସାହାଯ୍ୟ କରନ୍ତି.	6.8s
0.86	eng-nur-wild-animal-traits-s01.mp3	ପ୍ରତ୍ୟେକ ବଣୁଆ ପଶୁଙ୍କର କିଛି ନା କିଛି ଖାସ କଥା ଥାଏ. ଆସ ଦେଖିବା.	6.5s
0.86	kitchen_about.mp3	ଏହା ରୋଷେଇ ଘର. ଏଠାରେ ଆମର ଗରମ ଖାଦ୍ୟ ରନ୍ଧା ହୁଏ.	5.4s
0.86	school_kitchen_s1.mp3	ଏହା ରୋଷେଇ ଘର. ଏଠାରେ ଆମର ଗରମ ଖାଦ୍ୟ ରନ୍ଧା ହୁଏ.	5.4s
0.86	evs-lkg-professions-s11.mp3	ସେ ଦମକଳ ଗାଡ଼ିରେ ନିଆଁ ଲିଭାଇବାକୁ ଯାଆନ୍ତି.	4.3s
0.86	eng-nur-water-animals-s06.mp3	ଏହା ଏକ ଅକ୍ଟୋପସ. ଏହାର ଆଠଟି ବାହୁ ଥାଏ.	4.3s
0.86	evs-ukg-plant-parts-s07.mp3	ଗଛ ବଢ଼ିବା ପାଇଁ ପାଣି, ଖରା ଆଉ ପବନ ଦରକାର.	4.5s
0.86	math-nur-count-21-50-s26.mp3	ଏକଚାଳିଶ ରୁ ପଇଁଚାଳିଶ.	2.5s
0.86	playground_s1.mp3	ବର୍ତ୍ତମାନ ଆମେ ବିଦ୍ୟାଳୟ ପଛରେ. ଏହା ଆମର ଖେଳ ପଡ଼ିଆ.	5.9s
0.86	evs-nur-festivals-s09.mp3	ତୁମ ଘରେ କେଉଁ ପର୍ବ ପାଳନ୍ତି.	2.9s
0.86	evs-lkg-special-vehicles-s02.mp3	ଏହା ପୋଲିସ ଗାଡ଼ି. ପୋଲିସ ଏଥିରେ ଆମକୁ ସାହାଯ୍ୟ କରିବାକୁ ଆସନ୍ତି.	6.3s
0.86	evs-ukg-water-cycle-s04.mp3	ମେଘ ଓଜନିଆ ଓ ଧୂସର ହୁଏ, ଆଉ ବର୍ଷା ହୁଏ.	4.3s
0.86	eng-lkg-animal-products-s09.mp3	ମହୁମାଛି ଫୁଲରୁ ରସ ସଂଗ୍ରହ କରେ.	3.4s
0.86	hin-ukg-swar-s01.mp3	ଏବେ ଏହି ସ୍ୱରବର୍ଣ୍ଣଗୁଡ଼ିକ ଦେଖ.	3.6s
0.86	hin-ukg-swar-s08.mp3	ଏବେ ଏହି ସ୍ୱରବର୍ଣ୍ଣଗୁଡ଼ିକ ଦେଖ.	3.6s
0.86	math-lkg-odd-even-s10.mp3	ଦଶ, ଯୁଗ୍ମ, ସମସ୍ତଙ୍କର ଯୋଡ଼ି ଅଛି.	3.6s
0.86	eng-nur-bird-animal-sounds-s01.mp3	ପ୍ରତ୍ୟେକ ପକ୍ଷୀ ଓ ପଶୁର ନିଜର ସ୍ୱର ଅଛି. ଗୋଟିଏକୁ ଦେଖ, ଆଉ ଶୁଣ.	6.8s
0.86	evs-ukg-safe-touch-s05.mp3	ଦ୍ୱିତୀୟ, ସେଠାରୁ ଦୂରକୁ ଚାଲିଯାଅ.	3.2s
0.86	math-lkg-open-close-s03.mp3	ଏହି କବାଟ ବନ୍ଦ.	1.8s
0.86	math-nur-count-21-50-s02.mp3	ଏକୋଇଶ ରୁ ପଚିଶ.	1.8s
0.86	evs-ukg-india-culture-s06.mp3	ପର୍ବରେ ଆମେ ଅଗଣାରେ ଝୋଟି ପକାଉ.	3.4s
0.86	math-nur-count-21-50-s01.mp3	ଏବେ ଏକୋଇଶରୁ ପଚାଶ ଯାଏଁ ଗଣିବା.	3.4s
0.86	math-nur-near-far-s04.mp3	ଆଉ ଏହି ବଲ ଦୂରରେ ଅଛି.	2.5s
0.86	math-lkg-full-empty-s01.mp3	ଏହି ଗିଲାସ ଭର୍ତ୍ତି.	2.0s
0.86	math-nur-up-down-s01.mp3	ନାଲି ବଲ ଉପରେ ଅଛି, ଆଲମାରି ଉପରେ.	3.6s
0.86	demo-snow-s02.mp3	ଏଠି ଆମ ତମ୍ବୁ, ଆଉ ଏଠି ଆମକୁ ଉଷୁମ ରଖୁଥିବା ନିଆଁ.	5.2s
0.87	school_office_s2.mp3	ପ୍ରତିଦିନ ସକାଳେ ତୁମର ନାମ ସେହି ଖାତାରେ ଲେଖା ହୁଏ.	5.0s
0.87	solar_system_s9.mp3	ୟୁରାନସ୍ ପାର୍ଶ୍ୱରେ ଶୋଇଛି, ଗଡ଼ୁଥିବା ବଲ ପରି.	4.6s
0.87	math-nur-count-51-100-s02.mp3	ଏକାବନ ରୁ ପଞ୍ଚାବନ.	2.3s
0.87	eng-lkg-transport-types-s13.mp3	ଏହା ଏକ ଉଡ଼ାଜାହାଜ.	2.1s
0.87	eng-nur-shapes-s07.mp3	ଏହା ଏକ ଅଣ୍ଡାକାର.	2.1s
0.87	evs-lkg-animal-babies-s01.mp3	ପ୍ରତ୍ୟେକ ପଶୁର ଛୁଆ ଥାଏ. ଆସ ଦେଖିବା, କାହାର ଛୁଆ କିଏ.	5.5s
0.87	evs-ukg-river-crossing-s06.mp3	ଡଙ୍ଗାରେ ଆମେ ବସି ରହୁ, ଆଉ ହାତ ପାଣିରେ ପୂରାଉ ନାହିଁ.	5.0s
0.87	evs-ukg-water-cycle-s05.mp3	ବର୍ଷାରେ ପୋଖରୀ ପୁଣି ଭରିଯାଏ. ଆଉ ତାପରେ ଏସବୁ ପୁଣି ଆରମ୍ଭ ହୁଏ.	6.6s
0.87	evs-lkg-animal-food-s01.mp3	ସମସ୍ତଙ୍କୁ ଭୋକ ଲାଗେ, ପଶୁମାନଙ୍କୁ ମଧ୍ୟ. ଆସ ଦେଖିବା, କିଏ କଣ ଖାଏ.	6.9s
0.87	evs-ukg-seasons-s05.mp3	ଶୀତଦିନେ ଥଣ୍ଡା ଲାଗେ. ଆକାଶ ଧୂସର ଦିଶେ, ଆଉ ଆମେ ନିଆଁ ପାଖରେ ସେକି ହେଉ.	6.9s
0.87	eng-nur-alphabets-s70.mp3	ଏହା ବଡ଼ ଏକ୍ସ.	1.6s
0.87	eng-nur-alphabets-s71.mp3	ଏହା ଛୋଟ ଏକ୍ସ.	1.6s
0.87	eng-nur-domestic-animals-s03.mp3	ଏହା ଏକ ମଇଁଷି. ମଇଁଷି ମଧ୍ୟ କ୍ଷୀର ଦିଏ.	4.1s
0.87	eng-nur-insects-s02.mp3	ଏହା ଏକ ପିମ୍ପୁଡ଼ି. ପିମ୍ପୁଡ଼ି ବହୁତ ପରିଶ୍ରମ କରେ.	5.0s
0.87	evs-ukg-farm-visit-goat.mp3	ଏହା ଏକ ଛେଳି. ଛେଳି ପତ୍ର ଖାଏ ଆଉ କ୍ଷୀର ଦିଏ.	4.6s
0.87	evs-ukg-snow-camp-s04.mp3	ଏହା ଏକ ଦେବଦାରୁ ଗଛ. ଏହାର ଡାଳରେ ବରଫ ଜମିଛି.	5.1s
0.87	eng-nur-birds-s06.mp3	ଏହା ଏକ ମୟୂର. ମୟୂର ଆମର ଜାତୀୟ ପକ୍ଷୀ.	4.4s
0.88	hin-lkg-khet-upar-niche-s01.mp3	ଏହା କ୍ଷେତର ମାଟି, ଆଉ ତା ଉପରେ ଭୂଇଁ.	3.7s
0.88	solar_system_s6.mp3	ମଙ୍ଗଳ ଲାଲ, କାରଣ ତାର ଧୂଳି କଳଙ୍କି. ସେଠାରେ ପିଇବା ପାଣି ନାହିଁ.	6.2s
0.88	evs-ukg-national-symbols-s06.mp3	ଆମ୍ବ ଆମର ଜାତୀୟ ଫଳ.	2.5s
0.88	math-ukg-add-single-s06.mp3	ଚାରି ଆଉ ଏକ ମିଶି ପାଞ୍ଚ.	2.5s
0.88	eng-nur-insects-s07.mp3	ଏହା ଏକ ଝିଣ୍ଟିକା. ଝିଣ୍ଟିକା ଉଚ୍ଚକୁ ଡିଏଁ.	4.1s
0.88	evs-ukg-flowers-s08.mp3	ଫୁଲ ଗଛରେ ହିଁ ସୁନ୍ଦର ଦିଶେ. ଆମେ ବିନା କାରଣରେ ଫୁଲ ତୋଳୁ ନାହିଁ.	6.0s
0.88	school_hall_s1.mp3	ବର୍ତ୍ତମାନ ଆମେ ବିଦ୍ୟାଳୟ ଭିତରେ. ଏହା ଗଳି.	4.6s
0.88	hin-ukg-char-akshar-s08.mp3	ମିଶି ହେଲା ଅଜଗର, ମାନେ ଅଜଗର ସାପ.	3.7s
0.88	eng-nur-shapes-s02.mp3	ଏହା ଏକ ବୃତ୍ତ.	1.6s
0.88	eng-lkg-transport-types-s06.mp3	ଏହା ଏକ ରେଳଗାଡ଼ି.	1.8s
0.88	math-ukg-multiply-single-s06.mp3	ଚାରିଟିର ତିନି ଧାଡ଼ି.	1.8s
0.88	eng-nur-birds-s03.mp3	ଏହା ଏକ ଘରଚଟିଆ. ଏହା ଗୋଟିଏ ଛୋଟ ପକ୍ଷୀ.	4.4s
0.88	math-nur-count-51-100-s50.mp3	ଏକାନବେ ରୁ ପଞ୍ଚାନବେ.	2.3s
0.88	math-ukg-compare-numbers-s06.mp3	ପାଞ୍ଚ ଆଉ ପାଞ୍ଚ ସମାନ.	2.5s
0.88	demo-sky-s02.mp3	ମେଘ ଆମ ପାଖ ଦେଇ ଯାଉଛି. ମୁଣ୍ଡ ବୁଲାଇ ଚାରିଆଡ଼େ ଦେଖ.	5.3s
0.88	playground_s4.mp3	ବାଲି ଗାତ ଖୋଳିବା ପାଇଁ. ବର୍ତ୍ତମାନ ଭିତରକୁ ଫେରିବା.	5.1s
0.88	evs-lkg-body-parts-s01.mp3	ଏହା ଆମ ଶରୀର. ଆସ ଏହାର ଅଙ୍ଗଗୁଡ଼ିକର ନାଁ ଶିଖିବା.	5.3s
0.88	school_about.mp3	ଏହା ଆମର ବିଦ୍ୟାଳୟ. ଆମେ ଏଠାରେ ଶିଖିବାକୁ ଓ ଖେଳିବାକୁ ଆସୁ.	6.0s
0.88	evs-ukg-india-culture-s08.mp3	ଆମେ ଅଲଗା ଅଲଗା, ତଥାପି ଆମେ ସମସ୍ତେ ଏକ. ଆମେ ସମସ୍ତେ ଭାରତୀୟ.	6.7s
0.88	solar_system_s2.mp3	ବର୍ତ୍ତମାନ ପାଖକୁ ଆସ. ଏହା ସୂର୍ଯ୍ୟ. ସେ ଆମକୁ ଆଲୋକ ଓ ଉତ୍ତାପ ଦିଏ.	7.2s
0.88	evs-ukg-village-city-s05.mp3	ଗାଁରେ ନିଚା, ସହରରେ ଉଚ୍ଚ, ଆଉ ଦୁଇ ଜାଗାରେ ଲୋକ ରହନ୍ତି.	5.6s
0.88	math-lkg-more-less-same-s05.mp3	ଏଠି ତିନିଟି ଅଛି, ଆଉ ଏଠି ତିନିଟି.	3.3s
0.88	evs-ukg-village-city-s01.mp3	ଏହା ଏକ ଗାଁ. ଘରଗୁଡ଼ିକ ନିଚା, ଆଉ ପରସ୍ପରଠାରୁ ଦୂରରେ.	5.6s
0.88	evs-lkg-community-helpers-s06.mp3	ଏ ଜଣେ ଅଗ୍ନିଶମ କର୍ମଚାରୀ. ସେମାନେ ନିଆଁ ଲିଭାନ୍ତି.	5.1s
0.88	school_office_s1.mp3	ଏହା କାର୍ଯ୍ୟାଳୟ. ଦିଦି ଏଠାରେ ହାଜିରା ଖାତା ରଖନ୍ତି.	5.1s
0.88	eng-nur-shapes-s01.mp3	ଏହି ଆକୃତିଗୁଡ଼ିକ ଦେଖ.	2.3s
0.88	eng-nur-shapes-s06.mp3	ଏହି ଆକୃତିଗୁଡ଼ିକ ଦେଖ.	2.3s
0.88	evs-lkg-animal-habitats-s03.mp3	ଘରଚଟିଆ ବସାରେ ରହେ.	2.3s
0.88	evs-ukg-farm-visit-s03.mp3	କିଏ ଅଣ୍ଡା ଦିଏ. ଆଉ ପଶମ କାହାଠାରୁ ମିଳେ.	4.2s
0.88	evs-lkg-market-s09.mp3	ଆଉ ବନ୍ଧାକୋବି ମିଳେ.	2.1s
0.88	eng-lkg-months-year-s12.mp3	ତାପରେ ଡିସେମ୍ବର.	1.9s
0.88	evs-lkg-animal-food-s09.mp3	ବିଲେଇ କ୍ଷୀର ପିଏ.	1.9s
0.89	eng-nur-insects-s08.mp3	ଏହା ଏକ ମାଛି. ଏହା ମଇଳା ଉପରେ ବସେ, ତେଣୁ ଖାଦ୍ୟକୁ ଘୋଡ଼ାଇ ରଖ.	6.3s
0.89	evs-ukg-flowers-s03.mp3	ଏହା ଏକ ସୂର୍ଯ୍ୟମୁଖୀ. ଏହା ସୂର୍ଯ୍ୟ ଆଡ଼କୁ ମୁହଁ କରେ.	5.4s
0.89	math-nur-wide-narrow-s02.mp3	ଏହି ବାଟ ସରୁ. ଏଥିରେ କେବଳ ଜଣେ ଲୋକ ଚାଲିପାରିବ.	4.9s
0.89	evs-ukg-states-india-s10.mp3	ତୁମେ କେଉଁ ରାଜ୍ୟରେ ରୁହ. ତୁମ ଦିଦିଙ୍କୁ ପଚାର.	4.4s
0.89	eng-nur-alphabets-s27.mp3	ଆଇ, ଆଇସ କ୍ରିମ, ମାନେ ଆଇସକ୍ରିମ.	3.7s
0.89	eng-nur-animals-check-s02.mp3	ଏମାନଙ୍କ ଭିତରୁ କେଉଁଟି ବଣୁଆ ପଶୁ.	3.7s
0.89	math-lkg-opposites-s06.mp3	ଆଉ ଏହା ଖାଲି, ଭର୍ତ୍ତିର ଓଲଟା.	3.3s
0.89	hin-ukg-teen-akshar-s02.mp3	ମିଶି ହେଲା କମଲ, ମାନେ ପଦ୍ମ.	2.8s
0.89	evs-ukg-farm-visit-cow.mp3	ଏହା ଏକ ଗାଈ. ସେ ଘାସ ଖାଏ ଆଉ ଆମକୁ କ୍ଷୀର ଦିଏ. ତାର ଛୁଆକୁ ବାଛୁରୀ କୁହାଯାଏ.	7.7s
0.89	evs-ukg-india-culture-s03.mp3	ଅନେକ ଜାଗାରେ ଲୋକେ ମୁଣ୍ଡରେ ପଗଡ଼ି ପିନ୍ଧନ୍ତି.	4.7s
0.89	gk-lkg-sports-equipment-s09.mp3	ହକି ଷ୍ଟିକ ଆଉ ବଲରେ ଖେଳାଯାଏ. ହକି ଆମର ଜାତୀୟ ଖେଳ.	5.6s
0.89	eng-nur-alphabets-s68.mp3	ଏହା ଛୋଟ ଡବ୍ଲ୍ୟୁ.	1.9s
0.89	math-ukg-odd-one-out-s01.mp3	ଏମାନଙ୍କ ଭିତରୁ ଗୋଟିଏ ଅଲଗା, ରଙ୍ଗ ଦେଖ. ତାକୁ ଛୁଅଁ.	5.4s
0.89	solar_system_s4.mp3	ଶୁକ୍ର ଘନ ମେଘରେ ଢଙ୍କା. ଏହା ସବୁଠାରୁ ଗରମ ଗ୍ରହ.	5.4s
0.89	evs-ukg-river-crossing-s04.mp3	ଏହା ଏକ ଡଙ୍ଗା. ଡଙ୍ଗାରେ ମଧ୍ୟ ନଦୀ ପାର ହୋଇହୁଏ.	5.1s
0.89	evs-ukg-serpentarium-s05.mp3	ଏହା ଏକ ଝିଟିପିଟି. ଏହାର ଚାରୋଟି ଗୋଡ଼ ଆଉ ଗୋଟିଏ ଲମ୍ବା ଲାଞ୍ଜ ଥାଏ.	6.8s
0.89	math-ukg-sub-single-s03.mp3	ପାଞ୍ଚ ରୁ ଦୁଇ କାଢ଼ିଲେ, ରହିଲା ତିନି.	3.3s
0.89	eng-nur-shapes-s03.mp3	ଏହା ଏକ ବର୍ଗ.	1.6s
0.89	eng-lkg-days-week-s05.mp3	ଗୁରୁବାର ପରେ ଶୁକ୍ରବାର ଆସେ.	3.0s
0.89	evs-nur-good-habits-s02.mp3	ଆମେ ପ୍ରତିଦିନ ସକାଳେ ଓ ରାତିରେ ଦାନ୍ତ ଘଷୁ.	4.4s
0.89	eng-nur-bird-animal-sounds-duck.mp3	ଏହା ଏକ ବତକ. ବତକ ପ୍ୟାକ ପ୍ୟାକ କରେ.	4.2s
0.89	eng-nur-birds-s05.mp3	ଏହା ଏକ ଶୁଆ. ଶୁଆର ପର ରଙ୍ଗବେରଙ୍ଗ.	4.2s
0.89	evs-nur-good-habits-s01.mp3	ଭଲ ଅଭ୍ୟାସ ଆମକୁ ସୁସ୍ଥ ଓ ଖୁସି ରଖେ.	4.0s
0.89	math-ukg-divide-single-s02.mp3	ଏଗୁଡ଼ିକୁ ଦୁଇଟି ସମାନ ଭାଗରେ ବାଣ୍ଟ.	3.8s
0.89	math-ukg-divide-single-s03.mp3	ଏଗୁଡ଼ିକୁ ଦୁଇଟି ସମାନ ଭାଗରେ ବାଣ୍ଟ.	3.8s
0.89	math-nur-count-51-100-s38.mp3	ଏକାଅଶୀ ରୁ ପଞ୍ଚାଅଶୀ.	2.3s
0.89	gk-lkg-sports-equipment-s08.mp3	ଏହା ଏକ ହକି ଷ୍ଟିକ.	2.1s
0.89	evs-ukg-serpentarium-s01.mp3	ଏହା ସାପ ଘର. ଏଠି ସାପ ଆଉ ଅନ୍ୟ ସରୀସୃପମାନେ କାଚ ପଛରେ ରହନ୍ତି.	7.0s
0.89	math-lkg-odd-even-s06.mp3	ଛଅ, ଯୁଗ୍ମ, ସମସ୍ତଙ୍କର ଯୋଡ଼ି ଅଛି.	3.8s
0.90	eng-lkg-animal-products-s08.mp3	ଏହା ଏକ ମହୁମାଛି.	1.9s
0.90	eng-nur-alphabets-s67.mp3	ଏହା ବଡ଼ ଡବ୍ଲ୍ୟୁ.	1.9s
0.90	evs-lkg-animal-habitats-s06.mp3	ଏହା ଏକ ମହୁମାଛି.	1.9s
0.90	evs-nur-good-habits-s05.mp3	ଆମେ କେଶ କୁଣ୍ଡାଉ.	1.9s
0.90	math-ukg-multiply-single-s05.mp3	ଚାରିଟିର ଦୁଇ ଧାଡ଼ି.	1.9s
0.90	evs-ukg-germination-s05.mp3	ଖରା ଆଉ ପାଣି ପାଇଲେ ଏହା ବଡ଼ ଗଛ ହୋଇଯାଏ.	4.5s
0.90	math-nur-up-down-s03.mp3	ଉପରକୁ ଦେଖ, ପଙ୍ଖା ଉପରେ ଅଛି. ତଳକୁ ଦେଖ, ମସିଣା ତଳେ ଅଛି.	6.1s
0.90	eng-lkg-in-on-under-s02.mp3	ନୀଳ ବଲ ଟେବୁଲ ତଳେ ଅଛି.	2.6s
0.90	eng-nur-fruits-s05.mp3	ଏହା ଏକ ଅଙ୍ଗୁର ପେନ୍ଥା.	2.6s
0.90	eng-nur-elephant-story-s06.mp3	ଅପ୍ପୁ ଖୁସି ହେଲା. ସାଙ୍ଗମାନଙ୍କୁ ସାହାଯ୍ୟ କରିବା ଭଲ କଥା.	5.9s
0.90	eng-nur-elephant-story-s03.mp3	ଅପ୍ପୁ ତା ସାଙ୍ଗ ମାଙ୍କଡ଼କୁ ପଚାରିଲା, ପାଣି କେଉଁଠି ଅଛି. ମାଙ୍କଡ଼ କହିଲା, ପୋଖରୀ ସେପଟେ ଅଛି.	9.0s
0.90	math-lkg-lines-curves-s06.mp3	ଏହା ଅଙ୍କାବଙ୍କା ରେଖା.	2.4s
0.90	math-nur-count-51-100-s14.mp3	ଏକଷଠି ରୁ ପଞ୍ଚଷଠି.	2.4s
0.90	eng-nur-alphabets-s69.mp3	ଡବ୍ଲ୍ୟୁ, ୱାଟରମେଲନ, ମାନେ ତରଭୁଜ.	3.8s
0.90	evs-nur-school-visit-s02.mp3	ସ୍କୁଲର ବଡ଼ କୋଠାକୁ ଦେଖ. ଆମେ ଏଠାକୁ ପଢ଼ିବାକୁ ଓ ଖେଳିବାକୁ ଆସୁ.	6.4s
0.90	chem_lab_s1.mp3	ଏହା ରସାୟନ ପରୀକ୍ଷାଗାର. ଏଠାରେ ଆମେ ପରୀକ୍ଷଣ କରୁ.	5.7s
0.90	eng-nur-find-shapes-s03.mp3	ଘର ଭିତରେ ଗୋଟିଏ ତ୍ରିଭୁଜ ଲୁଚିଛି. ତାକୁ ଖୋଜ ଆଉ ଛୁଅଁ.	5.4s
0.90	evs-ukg-flowers-s06.mp3	ଏହା ଏକ ମନ୍ଦାର ଫୁଲ. ଏହାର ରଙ୍ଗ ଗାଢ଼ ନାଲି.	4.7s
0.90	math-lkg-open-close-s01.mp3	ଏହି ଫାଟକ ବନ୍ଦ. କେହି ଯାଇପାରିବେ ନାହିଁ.	4.0s
0.90	evs-lkg-community-helpers-s05.mp3	ଏ ଜଣେ ଚାଷୀ. ଚାଷୀ ଆମ ପାଇଁ ଖାଦ୍ୟ ଉପୁଜାନ୍ତି.	4.5s
0.90	math-nur-light-heavy-s02.mp3	ପଥର ଓଜନିଆ, ତାର ପଟ ତଳକୁ ଗଲା.	3.8s
0.90	eng-nur-vegetables-s09.mp3	ଏହା ଏକ ବାଇଗଣ.	1.9s
0.90	hin-lkg-sabji-rang-s05.mp3	ଏହା ଏକ ବାଇଗଣ.	1.9s
0.90	math-lkg-full-empty-s03.mp3	ଏହି ବାଟି ଭର୍ତ୍ତି.	1.9s
0.90	evs-ukg-germination-s02.mp3	ମଞ୍ଜି ପାଣି ପିଇ ଫୁଲିଯାଏ. ସେଥିରୁ ଗୋଟିଏ ଛୋଟ ଚେର ବାହାରି ତଳକୁ ବଢ଼େ.	6.9s
0.90	eng-nur-water-animals-s03.mp3	ଏହା ଏକ କଇଁଛ. କଇଁଛର ପିଠିରେ ଟାଣ ଖୋଳ ଥାଏ.	4.7s
0.90	math-nur-count-51-100-s31.mp3	ଏବେ କୁହ, ପଞ୍ଚସ୍ତରି.	2.4s
0.90	evs-ukg-dinosaur-park-s07.mp3	ଡାଇନୋସର ବିଷୟରେ ଆମେ ସେମାନଙ୍କ ହାଡ଼ରୁ ଜାଣିଲୁ, ଯାହା ମାଟି ତଳୁ ମିଳିଥିଲା.	7.6s
0.90	eng-lkg-three-letter-words-s06.mp3	ମିଶି ହେଲା ସନ, ମାନେ ସୂର୍ଯ୍ୟ.	2.8s
0.90	eng-lkg-animal-products-s07.mp3	ମେଣ୍ଢା ଆମକୁ ପଶମ ଦିଏ. ପଶମରୁ ସ୍ୱେଟର ତିଆରି ହୁଏ.	5.7s
0.90	math-lkg-odd-even-s08.mp3	ଆଠ, ଯୁଗ୍ମ, ସମସ୍ତଙ୍କର ଯୋଡ଼ି ଅଛି.	3.8s
0.90	hin-ukg-teen-akshar-s08.mp3	ମିଶି ହେଲା ମକର, ମାନେ କୁମ୍ଭୀର.	3.1s
0.90	eng-lkg-days-week-s08.mp3	ସୋମବାରରୁ ରବିବାର, ଏହା ହେଲା ପୂରା ସପ୍ତାହ.	4.5s
0.91	playground_s3.mp3	ସେହି ହଳଦିଆଟି ଖସଣା. ଆମେ ଉପରକୁ ଚଢ଼ି ତଳକୁ ଆସୁ.	5.5s
0.91	school_hall_s3.mp3	କୌଣସି କବାଟ ପାଖକୁ ଚାଲ, ସେହି ଘରକୁ ଯିବା ପାଇଁ.	4.8s
0.91	eng-nur-elephant-story-s04.mp3	ଅପ୍ପୁ ପୋଖରୀକୁ ଗଲା. ସେ ନିଜର ଲମ୍ବା ଶୁଣ୍ଢରେ ବହୁତ ପାଣି ପିଇଲା.	6.7s
0.91	math-nur-count-51-100-s01.mp3	ଏବେ ଏକାବନରୁ ଶହେ ଯାଏଁ ଗଣିବା.	3.3s
0.91	eng-nur-wild-animal-traits-s05.mp3	ସିଂହର ବେକ ଚାରିପଟେ ଘନ କେଶ ଥାଏ. ତାକୁ କେଶର କୁହାଯାଏ.	5.7s
0.91	eng-nur-alphabets-s54.mp3	ଆର, ରକେଟ, ମାନେ ରକେଟ.	2.4s
0.91	evs-ukg-plant-parts-s04.mp3	ଏଗୁଡ଼ିକ ପତ୍ର. ପତ୍ର ଖରାରୁ ଗଛ ପାଇଁ ଖାଦ୍ୟ ତିଆରି କରେ.	6.0s
0.91	math-lkg-more-less-same-s03.mp3	ଏଠି ଦୁଇଟି ଅଛି, ଆଉ ଏଠି ପାଞ୍ଚଟି.	3.6s
0.91	math-lkg-odd-even-s01.mp3	ଏକ, ଅଯୁଗ୍ମ, ଗୋଟିଏ ବଳିଯାଏ.	3.1s
0.91	eng-nur-elephant-story-s02.mp3	ଦିନେ ବହୁତ ଗରମ ହେଉଥିଲା. ସୂର୍ଯ୍ୟ ଖୁବ ଜୋରରେ ଚମକୁଥିଲା. ଅପ୍ପୁକୁ ବହୁତ ଶୋଷ ଲାଗିଲା.	9.1s
0.91	eng-lkg-animal-products-s01.mp3	ପଶୁମାନେ ଆମକୁ ବହୁତ କିଛି ଦିଅନ୍ତି. ଆସ ଦେଖିବା, କିଏ କଣ ଦିଏ.	6.4s
0.91	math-lkg-odd-even-s04.mp3	ଚାରି, ଯୁଗ୍ମ, ସମସ୍ତଙ୍କର ଯୋଡ଼ି ଅଛି.	3.8s
0.91	gk-ukg-sink-float-s04.mp3	ନଡ଼ିଆ ଭାସେ, ଏହା ପାଣି ଉପରେ ରହେ.	3.3s
0.91	school_kitchen_s2.mp3	ବଡ଼ ଟେବୁଲ ଦେଖ. ଖାଦ୍ୟ ସେଥିରେ ପ୍ରସ୍ତୁତ ରଖାଯାଏ.	5.3s
0.91	math-nur-in-out-s01.mp3	ଏହି ସେଓ ହାଣ୍ଡି ଭିତରେ ଅଛି.	2.9s
0.91	eng-nur-domestic-animals-s06.mp3	ଏହା ଏକ ମେଣ୍ଢା. ମେଣ୍ଢା ଆମକୁ ପଶମ ଦିଏ.	4.3s
0.91	math-ukg-sub-single-s06.mp3	ଚାରି ରୁ ତିନି କାଢ଼ିଲେ, ରହିଲା ଏକ.	3.1s
0.91	evs-lkg-house-parts-s05.mp3	ଏହା ଝରକା. ଏହା ଦେଇ ପବନ ଓ ଆଲୁଅ ଭିତରକୁ ଆସେ.	5.3s
0.91	math-ukg-sub-single-s09.mp3	ପାଞ୍ଚ ରୁ ଏକ କାଢ଼ିଲେ, ରହିଲା ଚାରି.	3.4s
0.91	evs-lkg-community-helpers-s03.mp3	ଏ ଜଣେ ଶିକ୍ଷୟିତ୍ରୀ. ସେ ଆମକୁ ପଢ଼ାନ୍ତି.	4.1s
0.91	evs-lkg-animal-babies-s09.mp3	ଆଉ ଏ ତାର ଛୁଆ, ବିଲେଇ ଛୁଆ.	2.9s
0.91	math-lkg-opposites-s05.mp3	ଏହା ଭର୍ତ୍ତି.	1.4s
0.91	math-nur-light-heavy-s03.mp3	ତୁଳା ହାଲୁକା, ତାର ପଟ ଉପରକୁ ଗଲା.	3.6s
0.91	evs-ukg-balloon-ride-s02.mp3	ତଳେ, ନଦୀ, କ୍ଷେତ ଆଉ ଘର. ଏଠାରୁ ସେଗୁଡ଼ିକ କେତେ ଛୋଟ ଦିଶୁଛି.	6.0s
0.91	math-ukg-sub-single-s01.mp3	ପ୍ରଥମେ ଏଗୁଡ଼ିକ ଗଣ, ପାଞ୍ଚ.	3.1s
0.91	math-ukg-sub-single-s07.mp3	ପ୍ରଥମେ ଏଗୁଡ଼ିକ ଗଣ, ପାଞ୍ଚ.	3.1s
0.92	math-lkg-more-less-same-s04.mp3	ନାଲିଗୁଡ଼ିକ ନୀଳଠାରୁ କମ.	2.6s
0.92	math-ukg-odd-one-out-s02.mp3	ଏମାନଙ୍କ ଭିତରୁ ଗୋଟିଏ ଅଲଗା, ଆକୃତି ଦେଖ. ତାକୁ ଛୁଅଁ.	5.5s
0.92	math-ukg-odd-one-out-s03.mp3	ଏମାନଙ୍କ ଭିତରୁ ଗୋଟିଏ ଅଲଗା, ଆକୃତି ଦେଖ. ତାକୁ ଛୁଅଁ.	5.5s
0.92	evs-ukg-plant-parts-s03.mp3	ଏହା କାଣ୍ଡ. କାଣ୍ଡ ଗଛକୁ ସିଧା ଠିଆ ରଖେ ଆଉ ପାଣି ଉପରକୁ ନିଏ.	6.5s
0.92	evs-nur-festivals-s01.mp3	ପର୍ବ ହେଉଛି ଖୁସିର ଦିନ. ଆମେ ସମସ୍ତେ ମିଶି ପର୍ବ ପାଳୁ.	5.8s
0.92	eng-nur-fruits-s07.mp3	ଏହା ଏକ ନାସପାତି.	1.9s
0.92	math-ukg-sub-double-s01.mp3	ପନ୍ଦର ବିଯୁକ୍ତ ପାଞ୍ଚ. ଭାବ.	3.1s
0.92	evs-lkg-animal-habitats-s02.mp3	ଏହା ଏକ ଘରଚଟିଆ.	2.2s
0.92	math-nur-wide-narrow-s01.mp3	ଏହି ରାସ୍ତା ଓସାରିଆ. ଏଥିରେ ବସ ଯାଇପାରିବ.	4.6s
0.92	evs-lkg-professions-s07.mp3	ଡାକବାଲା ଚିଠି ଆଣନ୍ତି.	2.4s
0.92	math-lkg-odd-even-s02.mp3	ଦୁଇ, ଯୁଗ୍ମ, ସମସ୍ତଙ୍କର ଯୋଡ଼ି ଅଛି.	3.9s
0.92	math-nur-light-heavy-s04.mp3	ଏହି ଦୁଇଟି ବଲର ଓଜନ ସମାନ, ତେଣୁ ତରାଜୁ ସମାନ ରହେ.	5.8s
0.92	eng-nur-wild-animal-traits-s02.mp3	ଜିରାଫର ବେକ ବହୁତ ଲମ୍ବା. ସେ ଉଚ୍ଚ ଗଛର ପତ୍ର ଖାଏ.	5.8s
0.92	demo-water-s02.mp3	କୂଳରେ ନଳ ଗଛ ବଢ଼ିଛି. ସେପାରି କୂଳକୁ ଦେଖ.	4.4s
0.92	hin-ukg-char-akshar-s06.mp3	ମିଶି ହେଲା ନଟଖଟ, ମାନେ ଦୁଷ୍ଟ.	3.1s
0.92	math-ukg-sub-single-s05.mp3	ତିନିଟି କାଢ଼ି ନିଅ.	1.7s
0.92	demo-street-s01.mp3	ଏହା ଏକ ରାସ୍ତା, ଦୁଇ ପଟେ ଦୋକାନ ଅଛି.	3.9s
0.92	evs-lkg-animal-food-s10.mp3	ଏହା ଏକ ମାଙ୍କଡ଼.	1.9s
0.92	eng-nur-birds-s09.mp3	ଏହା ଏକ ଚିଲ. ଚିଲ ବହୁତ ଉଚ୍ଚରେ ଉଡ଼େ.	4.1s
0.92	eng-nur-vegetables-s07.mp3	ଏହା ଏକ ବନ୍ଧାକୋବି.	2.2s
0.92	hin-lkg-sabji-rang-s09.mp3	ଏହା ଏକ ବନ୍ଧାକୋବି.	2.2s
0.92	eng-lkg-transport-types-s12.mp3	ଏଗୁଡ଼ିକ ଆକାଶରେ ଉଡ଼େ.	2.4s
0.92	math-ukg-add-single-s09.mp3	ତିନି ଆଉ ଚାରି ମିଶି ସାତ.	2.4s
0.93	eng-nur-domestic-animals-s09.mp3	ଆଉ ଏହା ଏକ କୁକୁଡ଼ା. କୁକୁଡ଼ା ଅଣ୍ଡା ଦିଏ.	4.1s
0.93	evs-ukg-snow-camp-s01.mp3	ଆମେ ବରଫ ପାହାଡ଼ରେ ଅଛୁ. ଚାରିଆଡ଼େ ବରଫ.	4.4s
0.93	evs-lkg-special-vehicles-s04.mp3	ଏହା ଦମକଳ ଗାଡ଼ି. ଏହା ନିଆଁ ଲିଭାଇବାକୁ ଯାଏ.	4.6s
0.93	eng-lkg-months-year-s01.mp3	ବର୍ଷରେ ବାର ମାସ ଥାଏ. ପ୍ରଥମ ମାସ ଜାନୁଆରୀ.	4.9s
0.93	eng-nur-find-shapes-s05.mp3	ଘର ଭିତରେ ଗୋଟିଏ ଆୟତ ଲୁଚିଛି. ତାକୁ ଖୋଜ ଆଉ ଛୁଅଁ.	5.4s
0.93	evs-ukg-serpentarium-s07.mp3	ବାହାରେ କେଉଁଠି ସାପ ଦେଖିଲେ, ତାକୁ ଛୁଅଁ ନାହିଁ, ପାଖକୁ ଯାଅ ନାହିଁ. ଧୀରେ ଦୂରେଇ ଯାଅ ଆଉ ଜଣେ ବଡ଼ଙ୍କୁ କୁହ.	10.0s
0.93	eng-nur-vegetables-s01.mp3	ଏହି ପନିପରିବାଗୁଡ଼ିକ ଦେଖ.	2.9s
0.93	eng-nur-vegetables-s06.mp3	ଏହି ପନିପରିବାଗୁଡ଼ିକ ଦେଖ.	2.9s
0.93	evs-lkg-animal-babies-s05.mp3	ଆଉ ଏ ତାର ଛୁଆ, ମେଣ୍ଢା ଛୁଆ.	2.9s
0.93	eng-nur-find-shapes-s01.mp3	ଘର ଭିତରେ ଗୋଟିଏ ବୃତ୍ତ ଲୁଚିଛି. ତାକୁ ଖୋଜ ଆଉ ଛୁଅଁ.	5.4s
0.93	eng-nur-water-animals-s07.mp3	ଏହା ଏକ କଙ୍କଡ଼ା. କଙ୍କଡ଼ା ବଙ୍କା ହୋଇ ଚାଲେ.	4.6s
0.93	math-ukg-multiply-single-s02.mp3	ତିନିଟିର ଦୁଇ ଧାଡ଼ି.	2.0s
0.93	evs-ukg-germination-s01.mp3	ଏହା ଏକ ମଞ୍ଜି. ଆମେ ଏହାକୁ ମାଟିରେ ବୁଣୁ ଆଉ ପାଣି ଦେଉ.	5.6s
0.93	evs-ukg-serpentarium-s02.mp3	କାଚ ଆମକୁ ନିରାପଦ ରଖେ. ଆମେ କେବଳ ଦେଖୁ. କାଚକୁ ଠକ ଠକ କରୁ ନାହିଁ.	7.1s
0.93	solar_system_s3.mp3	ବୁଧ ସୂର୍ଯ୍ୟର ସବୁଠାରୁ ପାଖରେ. ଏହା ଛୋଟ ଓ ବହୁତ ଗରମ.	6.1s
0.93	math-lkg-odd-even-s03.mp3	ତିନି, ଅଯୁଗ୍ମ, ଗୋଟିଏ ବଳିଯାଏ.	3.2s
0.93	school_kitchen_s3.mp3	ପାଣି ମାଠିଆରେ ରଖା ଯାଇଛି. ଖାଇବା ପରେ ଆମେ ତାହା ପିଉ.	5.4s
0.93	evs-ukg-balloon-ride-s04.mp3	ମେଘ ଠିକ ଆମ ପାଖରେ ଅଛି.	2.7s
0.93	eng-lkg-days-week-s01.mp3	ସପ୍ତାହରେ ସାତ ଦିନ ଥାଏ. ପ୍ରଥମ ଦିନ ସୋମବାର.	5.1s
0.93	eng-nur-shapes-s09.mp3	ଏହା ଏକ ହୀରା ଆକୃତି.	2.2s
0.93	evs-lkg-house-parts-s06.mp3	ଆଉ ଏଗୁଡ଼ିକ ପାହାଚ.	2.2s
0.93	math-nur-one-many-s02.mp3	ଆଉ ଏଠି ବହୁତ ଅଛି.	2.2s
0.93	evs-lkg-community-helpers-s04.mp3	ଏ ଜଣେ ପୋଲିସ. ପୋଲିସ ଆମକୁ ସୁରକ୍ଷା ଦିଅନ୍ତି.	4.9s
0.94	hin-ukg-teen-akshar-s10.mp3	ମିଶି ହେଲା ଚମକ, ମାନେ ଚମକ.	2.9s
0.94	math-lkg-more-less-same-s02.mp3	ନାଲିଗୁଡ଼ିକ ନୀଳଠାରୁ ଅଧିକ.	2.9s
0.94	school_office_s3.mp3	ଆଲମାରୀ ବନ୍ଦ ଥାଏ. ଆମର ବହି ଓ ଖେଳନା ସେଥିରେ ସୁରକ୍ଷିତ ରହେ.	6.9s
0.94	eng-nur-insects-s05.mp3	ଏହା ଏକ ଲେଡିବଗ. ଏହାର ନାଲି ପିଠିରେ କଳା ଦାଗ ଥାଏ.	5.4s
0.94	hin-ukg-teen-akshar-s04.mp3	ମିଶି ହେଲା ନମକ, ମାନେ ଲୁଣ.	2.7s
0.94	our_classroom_s3.mp3	ଦିଦି ବୋର୍ଡ ପାଖରେ ଠିଆ ହୋଇଛନ୍ତି. ଆଜି ସେ ଆମକୁ ପଢ଼ାଇବେ.	6.2s
0.94	eng-lkg-animal-products-s03.mp3	ଗାଈ ଆମକୁ କ୍ଷୀର ଦିଏ.	2.5s
0.94	eng-nur-wild-animals-s09.mp3	ଆଉ ଏହା ଏକ ମାଙ୍କଡ଼. ମାଙ୍କଡ଼ ଗଛରେ ରହେ.	4.7s
0.94	math-lkg-more-less-same-s01.mp3	ଏଠି ଚାରିଟି ଅଛି, ଆଉ ଏଠି ଦୁଇଟି.	3.4s
0.94	eng-nur-animals-check-s03.mp3	ଏମାନଙ୍କ ଭିତରୁ କେଉଁଟି ଗୃହପାଳିତ ପଶୁ. ସେ ଆମ ସହ ରହେ.	6.2s
0.94	math-ukg-divide-single-s06.mp3	ଏଗୁଡ଼ିକୁ ତିନିଟି ସମାନ ଭାଗରେ ବାଣ୍ଟ.	3.9s
0.94	math-ukg-divide-single-s07.mp3	ଏଗୁଡ଼ିକୁ ତିନିଟି ସମାନ ଭାଗରେ ବାଣ୍ଟ.	3.9s
0.94	math-ukg-divide-single-s08.mp3	ଏଗୁଡ଼ିକୁ ତିନିଟି ସମାନ ଭାଗରେ ବାଣ୍ଟ.	3.9s
0.94	evs-lkg-animal-habitats-s05.mp3	କୁକୁର ତାର କୁକୁର ଘରେ ରହେ.	3.0s
0.94	math-nur-taller-shorter-s02.mp3	ଆଉ ଏହି ଗଛ ଗେଡ଼ା.	2.0s
0.94	gk-ukg-sink-float-s01.mp3	ଏହା ଏକ ପାଣି ଟବ. ଆସ ଦେଖିବା କଣ ଭାସେ ଆଉ କଣ ବୁଡ଼େ.	5.7s
0.94	eng-nur-water-animals-s05.mp3	ଦୂରକୁ ଦେଖ, ତାହା ଏକ ତିମି. ତିମି ସବୁଠାରୁ ବଡ଼ ପ୍ରାଣୀ.	5.4s
0.94	evs-ukg-flowers-s04.mp3	ଏହା ଏକ ଗେଣ୍ଡୁ ଫୁଲ. ଗେଣ୍ଡୁ ଫୁଲରେ ମାଳ ଗୁନ୍ଥାଯାଏ.	5.4s
0.94	evs-lkg-animal-habitats-s07.mp3	ମହୁମାଛି ମହୁଫେଣାରେ ରହେ.	2.7s
0.94	math-lkg-half-whole-s03.mp3	ଏହା ଗୋଟିଏ ପୂରା ନାସପାତି.	2.7s
0.94	math-lkg-odd-even-s05.mp3	ପାଞ୍ଚ, ଅଯୁଗ୍ମ, ଗୋଟିଏ ବଳିଯାଏ.	3.5s
0.94	hin-nur-vadya-yantra-s05.mp3	ଏହା ବଂଶୀ. ଏଥିରେ ଫୁଙ୍କି ବଜାଯାଏ.	3.5s
0.94	eng-lkg-transport-types-s10.mp3	ଏହା ଏକ ଜାହାଜ.	1.7s
0.94	math-lkg-half-whole-s05.mp3	ଏହା ଗୋଟିଏ ପୂରା ନଡ଼ିଆ.	2.5s
0.94	eng-nur-find-shapes-s02.mp3	ଘର ଭିତରେ ଗୋଟିଏ ବର୍ଗ ଲୁଚିଛି. ତାକୁ ଖୋଜ ଆଉ ଛୁଅଁ.	5.4s
0.94	eng-nur-wild-animal-traits-s04.mp3	ଜେବ୍ରାର ଦେହରେ କଳା ଧଳା ପଟା ଥାଏ.	3.7s
0.94	evs-ukg-safe-touch-s01.mp3	ଏ ହେଉଛି ମୀନା. ମୀନାର ଶରୀର ମୀନାର ନିଜର. ତୁମ ଶରୀର ତୁମର ନିଜର.	7.2s
0.94	evs-ukg-national-symbols-s08.mp3	ଜାତୀୟ ସଙ୍ଗୀତ ବାଜିଲେ ଆମେ ସିଧା ଠିଆ ହେଉ. ଜୟ ହିନ୍ଦ.	5.7s
0.94	gk-ukg-sink-float-s05.mp3	ଚାମଚ ବୁଡ଼େ, ଏହା ତଳକୁ ଚାଲିଯାଏ.	3.5s
0.94	evs-ukg-germination-s04.mp3	ଗଜାରେ ଦୁଇଟି ଛୋଟ ପତ୍ର ଖୋଲେ. ଏହା ଏକ ଚାରା.	4.7s
0.94	math-ukg-multiply-single-s01.mp3	ତିନିଟିର ଏକ ଧାଡ଼ି.	2.0s
0.95	evs-ukg-serpentarium-s06.mp3	ଏହା ଏକ କଇଁଛ. ଏହା ନିଜ ଖୋଳ ଭିତରେ ଲୁଚେ.	4.5s
0.95	evs-nur-school-visit-s01.mp3	ଏହା ଆମ ସ୍କୁଲ. ଚାରିଆଡ଼େ ଦେଖ. ତୁମକୁ କଣ କଣ ଦିଶୁଛି.	5.7s
0.95	evs-ukg-india-culture-s05.mp3	ଆମ ସଙ୍ଗୀତ ବହୁତ ପୁରୁଣା. ଏହା ତବଲା.	4.2s
0.95	farm_yard_s1.mp3	ଅଗଣାରେ ଚାରିଆଡ଼େ ଦେଖ. ତୁମେ କଣ ଦେଖୁଛ.	4.2s
0.95	evs-lkg-animal-babies-s11.mp3	ଆଉ ଏ ତାର ଛୁଆ, କୁକୁଡ଼ା ଛୁଆ.	3.0s
0.95	math-nur-up-down-s02.mp3	ନୀଳ ବଲ ତଳେ ଅଛି, ଚଟାଣ ଉପରେ.	3.5s
0.95	eng-nur-domestic-animals-s08.mp3	ଏହା ଏକ ବିଲେଇ.	1.7s
0.95	evs-lkg-animal-babies-s08.mp3	ଏହା ଏକ ବିଲେଇ.	1.7s
0.95	evs-lkg-animal-food-s08.mp3	ଏହା ଏକ ବିଲେଇ.	1.7s
0.95	eng-nur-water-animals-s04.mp3	ଏହା ଏକ ଡଲଫିନ. ଡଲଫିନ ବହୁତ ବୁଦ୍ଧିମାନ.	5.0s
0.95	eng-nur-elephant-story-s05.mp3	ହରିଣକୁ ମଧ୍ୟ ଶୋଷ ଲାଗିଥିଲା. ଅପ୍ପୁ ଶୁଣ୍ଢରେ ପାଣି ଭରି ତାକୁ ମଧ୍ୟ ପିଆଇଲା.	8.2s
0.95	solar_system_s8.mp3	ଶନିର କଡ଼ ବରଫ ଓ ପଥରରେ ତିଆରି.	4.0s
0.95	evs-lkg-animal-babies-s07.mp3	ଆଉ ଏ ତାର ଛୁଆ, କୁକୁର ଛୁଆ.	3.0s
0.95	evs-nur-good-habits-s06.mp3	ଆମେ ଫଳ ଓ ପନିପରିବା ଖାଉ.	3.0s
0.95	math-nur-count-51-100-s32.mp3	ଛଅସ୍ତରି ରୁ ଅଶୀ.	2.0s
0.95	evs-ukg-dinosaur-park-s06.mp3	ଏହାଟି-ରେକ୍ସ. ଏହାର ଦାନ୍ତ ବହୁତ ବଡ଼ ଥିଲା. ଏହା ଅନ୍ୟ ପଶୁଙ୍କୁ ଖାଉଥିଲା.	8.0s
0.95	evs-ukg-river-crossing-s01.mp3	ଏହା ଏକ ନଦୀ. ନଦୀରେ ପାଣି ବହେ. ଆମକୁ ନଦୀର ସେପାରିକୁ ଯିବାର ଅଛି.	7.0s
0.95	math-ukg-multiply-single-s03.mp3	ଦୁଇ ଗୁଣନ ତିନି ହେଲା ଛଅ.	2.8s
0.95	evs-lkg-special-vehicles-s06.mp3	ଆଉ ଏହା ବୁଲଡୋଜର. ଏହା ମାଟି ଠେଲେ ଓ ରାସ୍ତା ତିଆରିରେ ସାହାଯ୍ୟ କରେ.	7.3s
0.95	eng-nur-bird-animal-sounds-cat.mp3	ଏହା ଏକ ବିଲେଇ. ବିଲେଇ ମିଆଉଁ ମିଆଉଁ କରେ.	4.5s
0.95	eng-lkg-two-letter-words-s11.mp3	ଦେଖ, ଡବ୍ଲ୍ୟୁ ଆଉ ଇ.	2.3s
0.95	math-lkg-open-close-s04.mp3	ଆଉ ଏହି କବାଟ ଖୋଲା.	2.3s
0.95	eng-nur-wild-animals-s05.mp3	ଏହା ଏକ ଜିରାଫ. ଜିରାଫ ବହୁତ ଡେଙ୍ଗା.	4.0s
0.95	evs-lkg-professions-s02.mp3	ଏ ଜଣେ ଡାକ୍ତର.	1.8s
0.95	hin-lkg-khet-upar-niche-s04.mp3	ଆଉ ବିଟ ମଧ୍ୟ.	1.8s
0.95	eng-nur-insects-s03.mp3	ଏହା ଏକ ମହୁମାଛି. ମହୁମାଛି ମହୁ ତିଆରି କରେ.	4.8s
0.95	eng-lkg-in-on-under-s01.mp3	ନାଲି ବଲ ଟେବୁଲ ଉପରେ ଅଛି.	3.0s
0.96	eng-nur-bird-animal-sounds-sparrow.mp3	ଏହା ଏକ ଘରଚଟିଆ. ଘରଚଟିଆ ଚିଁ ଚିଁ କରେ.	4.5s
0.96	eng-nur-vegetables-s08.mp3	ଏହା ଏକ ଫୁଲକୋବି.	2.0s
0.96	goat_about.mp3	ଏହା ଏକ ଛେଳି. ଛେଳି ଚଢ଼ିବାକୁ ଭଲ ପାଏ.	4.0s
0.96	eng-lkg-animal-products-s05.mp3	କୁକୁଡ଼ା ଆମକୁ ଅଣ୍ଡା ଦିଏ.	2.8s
0.96	evs-nur-rainbow-s05.mp3	ନୀଳ, ଘନ ନୀଳ ଆଉ ବାଇଗଣୀ.	3.0s
0.96	math-ukg-add-single-s04.mp3	ପ୍ରଥମେ ଏଗୁଡ଼ିକ ଗଣ, ଚାରି.	3.0s
0.96	math-ukg-sub-single-s04.mp3	ପ୍ରଥମେ ଏଗୁଡ଼ିକ ଗଣ, ଚାରି.	3.0s
0.96	eng-lkg-transport-types-s11.mp3	ଏହା ଏକ ପାଲ ଡଙ୍ଗା.	2.3s
0.96	evs-lkg-animal-habitats-s01.mp3	ଆମେ ଘରେ ରହୁ. ପଶୁମାନଙ୍କର ମଧ୍ୟ ଘର ଥାଏ. ଆସ ଦେଖିବା, କିଏ କେଉଁଠି ରହେ.	8.1s
0.96	eng-nur-bird-animal-sounds-pigeon.mp3	ଏହା ଏକ ପାରା. ପାରା ଗୁଟୁର ଗୁଟୁର କରେ.	4.0s
0.96	math-lkg-wet-dry-s01.mp3	ଏହି ଲୁଗା ଏବେ ଧୁଆ ହୋଇଛି. ଏଥିରୁ ପାଣି ଟୋପା ଟୋପା ପଡ଼ୁଛି. ଏହା ଓଦା.	6.8s
0.96	math-nur-taller-shorter-s01.mp3	ଏହି ଗଛ ଡେଙ୍ଗା.	1.8s
0.96	evs-ukg-farm-visit-hen.mp3	ଏହା ଏକ କୁକୁଡ଼ା. କୁକୁଡ଼ା ଦାନା ଖୁମ୍ପେ ଆଉ ଅଣ୍ଡା ଦିଏ.	5.6s
0.96	evs-ukg-national-symbols-s05.mp3	ପଦ୍ମ ଆମର ଜାତୀୟ ଫୁଲ.	2.8s
0.96	math-nur-thick-thin-s02.mp3	ଆଉ ଏହା ସରୁ. ଦୁଇଟି ସମାନ ଲମ୍ବା.	3.8s
0.96	evs-lkg-special-vehicles-s01.mp3	କିଛି ଗାଡ଼ି ଖାସ କାମ କରେ. ଆସ ସେଗୁଡ଼ିକୁ ଦେଖିବା.	4.8s
0.96	evs-ukg-seasons-s03.mp3	ବର୍ଷାଦିନେ ମେଘ ଆସେ, ଆଉ ବର୍ଷା ହୁଏ.	4.0s
0.96	eng-ukg-behind-front-s02.mp3	କୁକୁଡ଼ା ପଥରର ଆଗରେ ଅଛି.	3.0s
0.96	eng-ukg-behind-front-s04.mp3	କୁକୁଡ଼ା ପଥରର ପଛରେ ଅଛି.	3.0s
0.96	math-ukg-add-single-s07.mp3	ପ୍ରଥମେ ଏଗୁଡ଼ିକ ଗଣ, ତିନି.	3.0s
0.96	evs-ukg-states-india-s02.mp3	ରାଜସ୍ଥାନରେ ମରୁଭୂମି ଅଛି. ସେଠି ଓଟ ଚାଲନ୍ତି.	5.1s
0.96	hin-ukg-vyanjan-s19.mp3	ଏବେ ତ ବର୍ଗ ଦେଖ.	2.0s
0.96	math-lkg-full-empty-s02.mp3	ଆଉ ଏହି ଗିଲାସ ଖାଲି.	2.3s
0.96	math-nur-count-51-100-s33.mp3	ଏବେ କୁହ, ଛଅସ୍ତରି.	2.3s
0.96	eng-nur-colors-s01.mp3	ଏହି ରଙ୍ଗଗୁଡ଼ିକ ଦେଖ.	2.5s
0.96	eng-nur-colors-s06.mp3	ଏହି ରଙ୍ଗଗୁଡ଼ିକ ଦେଖ.	2.5s
0.96	evs-ukg-national-symbols-s03.mp3	ବାଘ ଆମର ଜାତୀୟ ପଶୁ.	2.5s
0.96	eng-lkg-two-letter-words-s06.mp3	ମିଶି ହେଲା ଅପ, ମାନେ ଉପରକୁ.	3.0s
0.96	math-lkg-opposites-s02.mp3	ଆଉ ଏହା ଛୋଟ, ବଡ଼ର ଓଲଟା.	3.0s
0.97	eng-nur-colors-s08.mp3	ଏହା ବାଇଗଣୀ.	1.5s
0.97	gk-ukg-sink-float-s02.mp3	ସେଓ ଭାସେ, ଏହା ପାଣି ଉପରେ ରହେ.	3.3s
0.97	evs-nur-good-habits-s03.mp3	ଖାଇବା ଆଗରୁ ଓ ଶୌଚ ପରେ ଆମେ ସାବୁନରେ ହାତ ଧୋଉ.	5.3s
0.97	eng-lkg-animal-products-s06.mp3	ଏହା ଏକ ମେଣ୍ଢା.	1.8s
0.97	eng-lkg-months-year-s04.mp3	ତାପରେ ଅପ୍ରେଲ.	1.8s
0.97	evs-lkg-animal-babies-s04.mp3	ଏହା ଏକ ମେଣ୍ଢା.	1.8s
0.97	evs-ukg-balloon-ride-s03.mp3	ଦେଖ, ସେଠି ଆଉ ଗୋଟିଏ ବେଲୁନ ଉଡ଼ୁଛି.	3.8s
0.97	eng-nur-wild-animals-s03.mp3	ଏହା ଏକ ବାଘ. ବାଘର ଦେହରେ ପଟା ଥାଏ.	4.1s
0.97	evs-ukg-farm-visit-s02.mp3	କେଉଁ ପଶୁ ଆମକୁ କ୍ଷୀର ଦିଏ. ତାକୁ ଖୋଜ.	4.1s
0.97	math-nur-taller-shorter-s03.mp3	ଏବେ ଏଗୁଡ଼ିକୁ ଦେଖ. କେଉଁଟି ଅଧିକ ଡେଙ୍ଗା.	4.3s
0.97	math-nur-count-21-50-s19.mp3	ଏବେ କୁହ, ପଇଁତିରିଶ.	2.3s
0.97	eng-lkg-transport-types-s05.mp3	ଏହା ଏକ ସାଇକେଲ.	2.0s
0.97	demo-india-s01.mp3	ଏହା ଆମ ପ୍ରାଙ୍ଗଣ. ମଝିରେ ଆମ ପତାକାର ଚକ୍ର ଅଛି.	5.9s
0.97	evs-ukg-india-culture-s04.mp3	ଅନେକ ମହିଳା ଶାଢ଼ି ପିନ୍ଧନ୍ତି.	3.3s
0.97	evs-ukg-farm-visit-s01.mp3	ଆମେ ଚାଷ ଜମିକୁ ଆସିଛୁ. ଚାରିଆଡ଼େ ଦେଖ. କୌଣସି ପଶୁକୁ ଦେଖ, ସେ ନିଜ ବିଷୟରେ କହିବ.	8.7s
0.97	evs-ukg-seasons-s04.mp3	ବର୍ଷାରେ ଆମେ ଛତା ଧରୁ. ଭୂଇଁରେ ପାଣି ଜମିଯାଏ.	4.8s
0.97	math-nur-near-far-s02.mp3	ସେହି ଗଛ, କିନ୍ତୁ ଏହା ଦୂରରେ ଅଛି, ତେଣୁ ଛୋଟ ଦିଶେ.	5.1s
0.97	evs-ukg-flowers-s07.mp3	ଏହା ମଲ୍ଲୀ ଫୁଲ. ଏହି ଛୋଟ ଧଳା ଫୁଲଗୁଡ଼ିକ ବହୁତ ମହକେ.	6.1s
0.97	hin-ukg-do-akshar-s04.mp3	ମିଶି ହେଲା କଲ, ମାନେ ଗତକାଲି.	3.1s
0.97	math-nur-light-heavy-s01.mp3	ଏହା ତରାଜୁ. କେଉଁ ଜିନିଷ ଓଜନିଆ ତାହା ଏହା କହେ.	5.1s
0.97	math-nur-count-21-50-s12.mp3	ଏବେ କୁହ, ଅଣତିରିଶ.	2.3s
0.97	math-nur-count-21-50-s23.mp3	ଏବେ କୁହ, ଅଠତିରିଶ.	2.3s
0.97	math-nur-count-51-100-s07.mp3	ଏବେ କୁହ, ପଞ୍ଚାବନ.	2.3s
0.97	math-nur-count-51-100-s43.mp3	ଏବେ କୁହ, ପଞ୍ଚାଅଶୀ.	2.3s
0.97	evs-ukg-farm-visit-duck.mp3	ଏହା ଏକ ବତକ. ବତକ ପୋଖରୀରେ ପହଁରେ.	4.3s
0.97	eng-lkg-months-year-s11.mp3	ତାପରେ ନଭେମ୍ବର.	2.0s
0.97	gk-lkg-sports-equipment-s04.mp3	ଏହା ଏକ ଫୁଟବଲ.	2.0s
0.97	math-nur-count-21-50-s32.mp3	ଛୟାଳିଶ ରୁ ପଚାଶ.	2.0s
0.97	eng-nur-animals-check-s01.mp3	ଏମାନଙ୍କ ଭିତରୁ କିଏ ପାଣିରେ ରହେ. ତାକୁ ଛୁଅଁ.	4.9s
0.97	eng-nur-vegetables-s04.mp3	ଏହା ଏକ ପିଆଜ.	1.8s
0.97	eng-nur-wild-animals-s07.mp3	ଏହା ଏକ ଜେବ୍ରା.	1.8s
0.97	eng-nur-alphabets-s49.mp3	ଏହା ବଡ଼ କ୍ୟୁ.	1.5s
0.97	evs-lkg-animal-food-s05.mp3	କୁକୁଡ଼ା ଦାନା ଖୁମ୍ପି ଖାଏ.	2.6s
0.97	eng-nur-domestic-animals-s01.mp3	ଏମାନେ ଗୃହପାଳିତ ପଶୁ. ସେମାନେ ଆମ ସହ, ଆମ ଘରେ ଓ ଚାଷ ଜମିରେ ରହନ୍ତି.	7.9s
0.98	math-lkg-wet-dry-s06.mp3	ଖରା ପଡ଼ିଛି. ଖରାରେ ଜିନିଷ ଶୁଖିଯାଏ.	3.8s
0.98	eng-nur-alphabets-s57.mp3	ଏସ, ସନ, ମାନେ ସୂର୍ଯ୍ୟ.	2.6s
0.98	math-ukg-divide-single-s04.mp3	ଛଅ ଭାଗ ଦୁଇ ହେଲା ତିନି.	2.6s
0.98	math-lkg-odd-even-s07.mp3	ସାତ, ଅଯୁଗ୍ମ, ଗୋଟିଏ ବଳିଯାଏ.	3.3s
0.98	math-lkg-opposites-s04.mp3	ଆଉ ଏହା ଛୋଟ, ଲମ୍ବାର ଓଲଟା.	3.3s
0.98	math-ukg-add-double-s04.mp3	ବାର ଯୁକ୍ତ ଛଅ ହେଲା ଅଠର.	3.1s
0.98	evs-nur-festivals-s02.mp3	ଦୀପାବଳି ଆଲୁଅର ପର୍ବ. ଆମେ ଦୀପ ଜାଳୁ.	4.4s
0.98	demo-home-s02.mp3	ଚୁଲି, ଆଲମାରି, ମସିଣା, ସବୁ ଗୋଟିଏ ଘରେ.	4.1s
0.98	eng-lkg-months-year-s09.mp3	ତାପରେ ସେପ୍ଟେମ୍ବର.	2.3s
0.98	eng-nur-fruits-s01.mp3	ଏହି ଫଳଗୁଡ଼ିକ ଦେଖ.	2.3s
0.98	eng-nur-fruits-s06.mp3	ଏହି ଫଳଗୁଡ଼ିକ ଦେଖ.	2.3s
0.98	math-nur-count-51-100-s55.mp3	ଏବେ କୁହ, ପଞ୍ଚାନବେ.	2.3s
0.98	evs-lkg-body-parts-s12.mp3	ଏବେ ନିଜ ନାକକୁ ଛୁଅଁ. ଏବେ ନିଜ କାନକୁ ଛୁଅଁ.	4.6s
0.98	eng-lkg-three-letter-words-s02.mp3	ମିଶି ହେଲା କ୍ୟାଟ, ମାନେ ବିଲେଇ.	3.1s
0.98	hin-ukg-do-akshar-s02.mp3	ମିଶି ହେଲା ନଲ, ମାନେ ପାଣି କଳ.	3.1s
0.98	math-nur-count-21-50-s10.mp3	ଏବେ କୁହ, ସତେଇଶ.	2.1s
0.98	eng-lkg-animal-products-s10.mp3	ମହୁମାଛି ଆମକୁ ମହୁ ଦିଏ.	2.8s
0.99	eng-lkg-transport-types-s09.mp3	ଏହା ଏକ ଡଙ୍ଗା.	1.8s
0.99	gk-lkg-sports-equipment-s02.mp3	ଏହା ଏକ ବ୍ୟାଟ.	1.8s
0.99	math-lkg-lines-curves-s08.mp3	ଏହା ଢେଉଆ ରେଖା.	1.8s
0.99	cow_about.mp3	ଏହା ଏକ ଗାଈ. ଗାଈ ଆମକୁ କ୍ଷୀର ଦିଏ.	4.1s
0.99	eng-nur-domestic-animals-s02.mp3	ଏହା ଏକ ଗାଈ. ଗାଈ ଆମକୁ କ୍ଷୀର ଦିଏ.	4.1s
0.99	math-ukg-add-single-s01.mp3	ପ୍ରଥମେ ଏଗୁଡ଼ିକ ଗଣ, ଦୁଇ.	3.1s
0.99	evs-lkg-house-parts-s02.mp3	ଏଗୁଡ଼ିକ କାନ୍ଥ. ସେଗୁଡ଼ିକ ଘରକୁ ଧରି ରଖେ.	4.7s
0.99	math-lkg-more-less-same-s06.mp3	ନାଲି ଆଉ ନୀଳ ସମାନ.	2.3s
0.99	math-nur-count-51-100-s24.mp3	ଏବେ କୁହ, ଅଣସ୍ତରି.	2.3s
0.99	eng-nur-bird-animal-sounds-s02.mp3	କୁଆ କେମିତି ଡାକେ. ତାକୁ ଖୋଜ ଆଉ ଦେଖ.	3.9s
0.99	evs-lkg-body-parts-s03.mp3	ଏଗୁଡ଼ିକ କେଶ.	1.6s
0.99	hin-nur-vadya-yantra-s07.mp3	ଏହା ଢୋଲ. ଏହାକୁ କାଠିରେ ବଜାଯାଏ.	3.6s
0.99	math-ukg-add-single-s03.mp3	ଦୁଇ ଆଉ ତିନି ମିଶି ପାଞ୍ଚ.	2.9s
0.99	evs-lkg-animal-footprints-s06.mp3	ଏଗୁଡ଼ିକ କୁକୁଡ଼ାର.	2.1s
0.99	eng-nur-elephant-story-s01.mp3	ଏ ହେଉଛି ଅପ୍ପୁ. ଅପ୍ପୁ ଗୋଟିଏ ହାତୀ. ସେ ଜଙ୍ଗଲରେ ରହେ.	6.0s
0.99	hin-ukg-do-akshar-s10.mp3	ମିଶି ହେଲା ମନ, ମାନେ ମନ.	2.6s
0.99	hen_about.mp3	ଏହା ଏକ କୁକୁଡ଼ା. କୁକୁଡ଼ା ଅଣ୍ଡା ଦିଏ.	3.9s
0.99	chem_lab_s2.mp3	ଥାକରେ ଥିବା କାଚ ବୋତଲ ଦେଖ. ଆମେ ସେଗୁଡ଼ିକୁ ଏକା କେବେ ଛୁଇଁ ନାହିଁ.	6.8s
0.99	physics_lab_s2.mp3	ସୂତାରେ ଝୁଲୁଥିବା ସେହି ଛୋଟ ବଲଟି ଦୋଳକ. ଏହା ଏପାଖ ସେପାଖ ଝୁଲେ.	7.0s
0.99	math-nur-count-21-50-s08.mp3	ଛବିଶ ରୁ ତିରିଶ.	1.8s
0.99	math-nur-one-many-s01.mp3	ଏଠି ଗୋଟିଏ ଅଛି.	1.8s
0.99	math-nur-count-21-50-s15.mp3	ଏବେ କୁହ, ଏକତିରିଶ.	2.3s
0.99	evs-ukg-village-city-s03.mp3	ଏବେ ଏହା ଏକ ସହର. କୋଠାଗୁଡ଼ିକ ଉଚ୍ଚ.	4.4s
0.99	eng-lkg-days-week-s04.mp3	ବୁଧବାର ପରେ ଗୁରୁବାର ଆସେ.	3.1s
0.99	hin-ukg-teen-akshar-s06.mp3	ମିଶି ହେଲା ସରଲ, ମାନେ ସହଜ.	3.1s
0.99	math-lkg-wet-dry-s03.mp3	ଏହି ଟବରେ ପାଣି ଅଛି. ଏହା ଭିତରୁ ଓଦା.	4.2s
0.99	evs-lkg-animal-habitats-s11.mp3	ଗାଈ ଗୁହାଳରେ ରହେ.	2.1s
0.99	evs-lkg-market-s01.mp3	ଏହା ବଜାର. ଏଠି ଆମେ ଜିନିଷ କିଣୁ.	3.7s
0.99	eng-nur-alphabets-s50.mp3	ଏହା ଛୋଟ କ୍ୟୁ.	1.6s
1.00	evs-ukg-dinosaur-park-s03.mp3	ଏହା ଷ୍ଟେଗୋସରସ. ଏହାର ପିଠିରେ ବଡ଼ ବଡ଼ ପ୍ଲେଟ ଥିଲା.	6.0s
1.00	math-lkg-odd-even-s09.mp3	ନଅ, ଅଯୁଗ୍ମ, ଗୋଟିଏ ବଳିଯାଏ.	3.4s
1.00	school_tour_s1.mp3	ଚାରିଆଡ଼େ ଦେଖ. ଏହା ଆମର ବିଦ୍ୟାଳୟ ଓ ପାଖର ଘର.	5.8s
1.00	solar_system_s7.mp3	ବୃହସ୍ପତି ସବୁଠାରୁ ବଡ଼. ସେହି ଧାରୀଗୁଡ଼ିକ ଝଡ଼.	5.2s
1.00	evs-ukg-safe-touch-s07.mp3	ଭରସାର ବଡ଼ମାନେ କିଏ. ମାଆ, ବାପା, କିମ୍ବା ତୁମ ଦିଦି.	5.5s
1.00	eng-lkg-months-year-s02.mp3	ତାପରେ ଫେବୃଆରୀ.	1.8s
1.00	eng-nur-vegetables-s02.mp3	ଏହା ଏକ ଗାଜର.	1.8s
1.00	hin-lkg-sabji-rang-s03.mp3	ଏହା ଏକ ଗାଜର.	1.8s
1.00	evs-ukg-serpentarium-s04.mp3	ଏହା ଏକ ସବୁଜ ସାପ. ଏହା ଗଛରେ ରହେ.	4.2s
1.00	math-lkg-wet-dry-s02.mp3	ଏହି ଲୁଗା ଖରାରେ ଶୁଖିଗଲା. ଏହା ଶୁଖିଲା.	4.2s
1.00	eng-nur-alphabets-s39.mp3	ଏମ, ମଙ୍କି, ମାନେ ମାଙ୍କଡ଼.	2.9s
1.00	math-lkg-half-whole-s01.mp3	ଏହା ଗୋଟିଏ ପୂରା ସେଓ.	2.4s
1.00	elephant.mp3	ଏହା ଏକ ହାତୀ.	1.6s
1.00	eng-nur-alphabets-s25.mp3	ଏହା ବଡ଼ ଆଇ.	1.6s
1.00	math-lkg-full-empty-s04.mp3	ଆଉ ଏହା ଖାଲି.	1.6s
1.00	eng-nur-birds-s08.mp3	ଏହା ଏକ ବତକ. ବତକ ପାଣିରେ ପହଁରେ.	4.2s
1.00	math-lkg-wet-dry-s05.mp3	ବର୍ଷା ହେଉଛି. ବର୍ଷାରେ ସବୁ କିଛି ଓଦା ହୋଇଯାଏ.	5.3s
1.00	eng-nur-find-shapes-s04.mp3	ଘର ଭିତରେ ଗୋଟିଏ ତାରା ଲୁଚିଛି. ତାକୁ ଖୋଜ ଆଉ ଛୁଅଁ.	5.5s
1.00	eng-nur-fruits-s04.mp3	ଏହା ଏକ କମଳା.	1.8s
1.00	solar_system_s5.mp3	ଏହା ଆମର ପୃଥିବୀ. ନୀଳ ହେଉଛି ପାଣି ଓ ଧଳା ହେଉଛି ମେଘ.	6.1s
1.01	evs-lkg-animal-food-s07.mp3	କୁକୁର ହାଡ଼ ଚୋବାଏ.	2.1s
1.01	hin-ukg-vyanjan-s01.mp3	ଏବେ କ ବର୍ଗ ଦେଖ.	2.1s
1.01	evs-ukg-flowers-s02.mp3	ଏହା ଏକ ଗୋଲାପ. ଗୋଲାପରେ କଣ୍ଟା ଥାଏ. ଏହାର ବାସନା ବହୁତ ଭଲ.	7.1s
1.01	math-nur-count-51-100-s35.mp3	ଏବେ କୁହ, ଅଠସ୍ତରି.	2.4s
1.01	demo-water-s01.mp3	ଏହା ଏକ ପୋଖରୀ. ପାଣି ହଲୁଥିବା ଦେଖ.	4.0s
1.01	hin-nur-vadya-yantra-s06.mp3	ଏହା ଗିଟାର. ଏହାର ତାର ଛୁଇଁ ବଜାଯାଏ.	4.2s
1.01	evs-lkg-house-parts-s04.mp3	ଏହା କବାଟ. ଏହା ଦେଇ ଆମେ ଭିତରକୁ ଯାଉ.	4.5s
1.01	eng-lkg-transport-types-s07.mp3	ଏହା ଏକ ଅଟୋ.	1.6s
1.01	eng-nur-alphabets-s26.mp3	ଏହା ଛୋଟ ଆଇ.	1.6s
1.01	hin-ukg-matra-s06.mp3	ଏହା ଈ ମାତ୍ରା.	1.6s
1.01	eng-lkg-myself-s06.mp3	ଏବେ ତୁମେ କୁହ, ତୁମ ନାଁ କଣ. ତୁମକୁ କେତେ ବର୍ଷ.	5.0s
1.01	eng-lkg-months-year-s08.mp3	ତାପରେ ଅଗଷ୍ଟ.	1.9s
1.01	eng-nur-shapes-s05.mp3	ଏହା ଏକ ଆୟତ.	1.9s
1.01	eng-nur-vegetables-s03.mp3	ଏହା ଏକ ଟମାଟୋ.	1.9s
1.01	evs-lkg-professions-s06.mp3	ଏ ଜଣେ ଡାକବାଲା.	1.9s
1.01	hin-lkg-sabji-rang-s01.mp3	ଏହା ଏକ ଟମାଟୋ.	1.9s
1.01	hin-nur-vadya-yantra-s03.mp3	ଏହା ଢୋଲକ. ଏହାକୁ ଦୁଇ ପଟୁ ବଜାଯାଏ.	4.3s
1.01	eng-lkg-hot-cold-s04.mp3	ବରଫ କାଠି ଥଣ୍ଡା.	2.1s
1.01	math-nur-count-51-100-s30.mp3	ଏବେ କୁହ, ଚଉସ୍ତରି.	2.4s
1.01	math-nur-count-51-100-s34.mp3	ଏବେ କୁହ, ସତସ୍ତରି.	2.4s
1.01	math-ukg-compare-numbers-s03.mp3	ଦୁଇ ଆଉ ଆଠ କୁ ଦେଖ.	2.4s
1.01	eng-nur-shapes-check-s01.mp3	କେଉଁଟି ତ୍ରିଭୁଜ. ତାକୁ ଛୁଅଁ.	2.9s
1.01	eng-lkg-days-week-s06.mp3	ଶୁକ୍ରବାର ପରେ ଶନିବାର ଆସେ.	3.5s
1.01	eng-nur-water-animals-s08.mp3	ଏହା ଏକ ତାରାମାଛ. ଏହା ତାରା ପରି ଦେଖାଯାଏ.	4.8s
1.01	eng-nur-wild-animals-s08.mp3	ଏହା ଏକ ହରିଣ. ହରିଣ ବହୁତ ଜୋରରେ ଦୌଡ଼େ.	4.8s
1.01	evs-ukg-flowers-s05.mp3	ଏହା ଏକ ପଦ୍ମ. ପଦ୍ମ ପାଣିରେ ଫୁଟେ. ଏହା ଆମର ଜାତୀୟ ଫୁଲ.	6.7s
1.02	eng-lkg-three-letter-words-s10.mp3	ମିଶି ହେଲା ହେନ, ମାନେ କୁକୁଡ଼ା.	2.9s
1.02	math-ukg-divide-single-s09.mp3	ବାର ଭାଗ ତିନି ହେଲା ଚାରି.	2.7s
1.02	eng-nur-birds-s07.mp3	ଏହା ଏକ ପେଚା. ପେଚା ରାତିରେ ଜାଗି ରହେ.	4.0s
1.02	eng-lkg-months-year-s03.mp3	ତାପରେ ମାର୍ଚ୍ଚ.	1.9s
1.02	eng-nur-fruits-s03.mp3	ଏହା ଏକ କଦଳୀ.	1.9s
1.02	math-lkg-lines-curves-s07.mp3	ଏହା ବକ୍ର ରେଖା.	1.9s
1.02	math-nur-count-51-100-s44.mp3	ଛୟାଅଶୀ ରୁ ନବେ.	1.9s
1.02	math-ukg-add-double-s05.mp3	କୋଡ଼ିଏ ଯୁକ୍ତ ପନ୍ଦର. ଭାବ.	3.2s
1.02	hin-ukg-vyanjan-s13.mp3	ଏବେ ଟ ବର୍ଗ ଦେଖ.	2.1s
1.02	hin-ukg-vyanjan-s25.mp3	ଏବେ ପ ବର୍ଗ ଦେଖ.	2.1s
1.02	eng-lkg-transport-sort-s05.mp3	ଏହା ଏକ ହେଲିକପ୍ଟର. ଏହା କେଉଁଠି ଚାଲେ, ରାସ୍ତାରେ, ପାଣିରେ, ନା ଆକାଶରେ. ଠିକ ଜାଗାକୁ ଛୁଅଁ.	9.6s
1.02	demo-snow-s01.mp3	ଏହା ବରଫ. ସବୁ କିଛି ଧଳା ଆଉ ଶାନ୍ତ.	4.3s
1.02	evs-ukg-snow-camp-s03.mp3	ଏହା ନିଆଁ. ଏହା ଆମକୁ ଉଷୁମ ରଖେ.	3.8s
1.02	math-nur-count-check-s02.mp3	ପନ୍ଦର କେଉଁଠି ଅଛି. ତାକୁ ଛୁଅଁ.	3.5s
1.02	math-ukg-add-single-s05.mp3	ଏବେ ଏଗୁଡ଼ିକ ଗଣ, ଏକ.	2.7s
1.02	evs-lkg-community-helpers-s07.mp3	ଏ ଜଣେ ଡାକବାଲା. ଡାକବାଲା ଆମ ଚିଠି ଆଣନ୍ତି.	5.1s
1.02	math-nur-count-51-100-s54.mp3	ଏବେ କୁହ, ଚଉରାନବେ.	2.4s
1.02	hin-nur-vadya-yantra-s04.mp3	ଏହା ହାରମୋନିୟମ.	2.1s
1.02	math-lkg-lines-curves-s03.mp3	ଏହା ଶୋଇଥିବା ରେଖା.	2.1s
1.02	math-nur-count-51-100-s06.mp3	ଏବେ କୁହ, ଚଉବନ.	2.1s
1.02	eng-lkg-animal-products-s04.mp3	ଏହା ଏକ କୁକୁଡ଼ା.	1.9s
1.02	eng-nur-fruits-s08.mp3	ଏହା ଏକ ସପୁରୀ.	1.9s
1.02	evs-lkg-animal-babies-s06.mp3	ଏହା ଏକ କୁକୁର.	1.9s
1.02	evs-lkg-animal-babies-s10.mp3	ଏହା ଏକ କୁକୁଡ଼ା.	1.9s
1.02	evs-lkg-animal-food-s04.mp3	ଏହା ଏକ କୁକୁଡ଼ା.	1.9s
1.02	evs-lkg-animal-food-s06.mp3	ଏହା ଏକ କୁକୁର.	1.9s
1.02	evs-lkg-animal-habitats-s04.mp3	ଏହା ଏକ କୁକୁର.	1.9s
1.02	math-nur-count-check-s04.mp3	ଛୟାଅଶୀ କେଉଁଠି ଅଛି. ତାକୁ ଛୁଅଁ.	3.5s
1.02	eng-lkg-three-letter-words-s04.mp3	ମିଶି ହେଲା ଡଗ, ମାନେ କୁକୁର.	3.0s
1.02	eng-lkg-two-letter-words-s04.mp3	ମିଶି ହେଲା ଅନ, ମାନେ ଉପରେ.	3.0s
1.02	eng-nur-wild-animals-s06.mp3	ଏହା ଏକ ଭାଲୁ.	1.6s
1.02	math-lkg-lines-curves-s02.mp3	ଏହା ଠିଆ ରେଖା.	1.6s
1.03	evs-lkg-body-parts-s06.mp3	ଏହା ନାକ. ନାକରେ ଆମେ ବାସନା ଶୁଙ୍ଘୁ.	4.0s
1.03	hin-nur-vadya-yantra-s02.mp3	ଏହା ତବଲା. ଏହାକୁ ହାତରେ ବଜାଯାଏ.	4.0s
1.03	hin-ukg-vyanjan-s07.mp3	ଏବେ ଚ ବର୍ଗ ଦେଖ.	2.2s
1.03	math-nur-count-1-20-s19.mp3	ଏବେ କୁହ, ଉଣେଇଶ.	2.2s
1.03	math-nur-count-21-50-s11.mp3	ଏବେ କୁହ, ଅଠେଇଶ.	2.2s
1.03	evs-nur-rainbow-s04.mp3	ଏଥିରେ ସାତଟି ରଙ୍ଗ ଥାଏ. ଉପରୁ, ନାଲି, କମଳା, ହଳଦିଆ, ସବୁଜ.	7.0s
1.03	math-nur-taller-shorter-s04.mp3	ଏହା ଅଧିକ ଡେଙ୍ଗା. ଏହା ଅଧିକ ଗେଡ଼ା.	4.1s
1.03	evs-ukg-plant-parts-s01.mp3	ଏହା ଏକ ଗଛ. ଏହା ମାଟିରେ ବଢ଼େ. ଆସ ଏହାର ଅଂଶଗୁଡ଼ିକ ଦେଖିବା.	7.0s
1.03	evs-ukg-snow-camp-s02.mp3	ଏହା ଆମ ତମ୍ବୁ. ଆମେ ଏଥିରେ ଶୋଉ.	3.8s
1.03	eng-lkg-transport-sort-s03.mp3	ଏହା ଏକ ଉଡ଼ାଜାହାଜ. ଏହା କେଉଁଠି ଚାଲେ, ରାସ୍ତାରେ, ପାଣିରେ, ନା ଆକାଶରେ. ଠିକ ଜାଗାକୁ ଛୁଅଁ.	9.5s
1.03	eng-lkg-days-week-s07.mp3	ଶନିବାର ପରେ ରବିବାର ଆସେ.	3.3s
1.03	math-nur-count-21-50-s31.mp3	ଏବେ କୁହ, ପଇଁଚାଳିଶ.	2.4s
1.03	math-nur-count-51-100-s19.mp3	ଏବେ କୁହ, ପଞ୍ଚଷଠି.	2.4s
1.03	math-nur-count-51-100-s27.mp3	ଏବେ କୁହ, ଏକସ୍ତରି.	2.4s
1.03	eng-lkg-transport-types-s04.mp3	ଏହା ଏକ ବସ.	1.6s
1.03	hin-ukg-teen-akshar-s12.mp3	ମିଶି ହେଲା ଭଵନ, ମାନେ କୋଠା.	3.0s
1.03	evs-lkg-market-s06.mp3	ଏହା ପରିବା ଦୋକାନ.	2.2s
1.03	math-nur-count-51-100-s03.mp3	ଏବେ କୁହ, ଏକାବନ.	2.2s
1.03	math-nur-count-51-100-s46.mp3	ଏବେ କୁହ, ସତାଅଶୀ.	2.2s
1.03	math-ukg-multiply-single-s04.mp3	ଚାରିଟିର ଏକ ଧାଡ଼ି.	2.2s
1.03	evs-lkg-animal-babies-s03.mp3	ଆଉ ଏ ତାର ଛୁଆ, ବାଛୁରୀ.	2.7s
1.03	hin-lkg-khet-upar-niche-s06.mp3	ମକା ମଧ୍ୟ ଉପରେ ଫଳେ.	2.7s
1.03	hin-ukg-do-akshar-s08.mp3	ମିଶି ହେଲା ଜଲ, ମାନେ ପାଣି.	2.7s
1.04	eng-nur-domestic-animals-s07.mp3	ଏହା ଏକ କୁକୁର. କୁକୁର ଘର ଜଗେ.	3.8s
1.04	math-lkg-wet-dry-s04.mp3	ଏହି ଟବରେ ପାଣି ନାହିଁ. ଏହା ଶୁଖିଲା.	3.8s
1.04	math-nur-count-21-50-s24.mp3	ଏବେ କୁହ, ଅଣଚାଳିଶ.	2.5s
1.04	evs-lkg-body-parts-s04.mp3	ଏଗୁଡ଼ିକ ଆଖି. ଆଖିରେ ଆମେ ଦେଖୁ.	3.5s
1.04	hin-nur-janvar-boliya-s01.mp3	ପଶୁମାନଙ୍କ ଡାକ ଶୁଣ. ଯାହାକୁ ଦେଖିବ, ସେ ଡାକିବ.	5.5s
1.04	playground_s2.mp3	ଦୋଳି ଦେଖି ପାରୁଛ କି. ଏହା ଆଗ ପଛ ଯାଏ.	4.4s
1.04	math-nur-count-21-50-s03.mp3	ଏବେ କୁହ, ଏକୋଇଶ.	2.2s
1.04	math-nur-count-21-50-s36.mp3	ଏବେ କୁହ, ଅଣଚାଶ.	2.2s
1.04	eng-nur-domestic-animals-s05.mp3	ଏହା ଏକ ଛେଳି.	1.6s
1.04	eng-ukg-phonics-s01.mp3	ଏବେ ଏହି ଅକ୍ଷରଗୁଡ଼ିକ ଦେଖ.	3.6s
1.04	eng-ukg-phonics-s07.mp3	ଏବେ ଏହି ଅକ୍ଷରଗୁଡ଼ିକ ଦେଖ.	3.6s
1.04	eng-ukg-phonics-s13.mp3	ଏବେ ଏହି ଅକ୍ଷରଗୁଡ଼ିକ ଦେଖ.	3.6s
1.04	eng-ukg-phonics-s19.mp3	ଏବେ ଏହି ଅକ୍ଷରଗୁଡ଼ିକ ଦେଖ.	3.6s
1.04	eng-ukg-phonics-s25.mp3	ଏବେ ଏହି ଅକ୍ଷରଗୁଡ଼ିକ ଦେଖ.	3.6s
1.04	eng-ukg-phonics-s31.mp3	ଏବେ ଏହି ଅକ୍ଷରଗୁଡ଼ିକ ଦେଖ.	3.6s
1.04	eng-lkg-two-letter-words-s02.mp3	ମିଶି ହେଲା ଇନ, ମାନେ ଭିତରେ.	3.0s
1.04	math-nur-count-21-50-s35.mp3	ଏବେ କୁହ, ଅଠଚାଳିଶ.	2.5s
1.04	math-nur-near-far-s03.mp3	ଏହି ବଲ ପାଖରେ ଅଛି.	2.5s
1.04	eng-nur-vegetables-s10.mp3	ଏହା ଏକ କଖାରୁ.	1.9s
1.04	evs-lkg-animal-footprints-s04.mp3	ଏଗୁଡ଼ିକ ଘୋଡ଼ାର.	1.9s
1.04	math-ukg-divide-single-s05.mp3	ଏଠି ବାରଟି ଅଛି.	1.9s
1.04	evs-lkg-market-s05.mp3	ଆଉ କମଳା.	1.4s
1.04	physics_lab_s3.mp3	ଢାଲୁ ଫଳକଟି ରାମ୍ପ. ବଲ ସେଥିରେ ନିଜେ ଗଡ଼େ.	4.9s
1.04	demo-home-s01.mp3	ଏହା ଏକ ଘର. ଆମେ ଏଠାରେ ରହୁ.	3.6s
1.04	evs-ukg-serpentarium-s03.mp3	ଏହା ଏକ ନାଗ ସାପ. ଏହା ନିଜ ଫଣା ଟେକେ. ନାଗ ସାପ ବିଷାକ୍ତ.	6.6s
1.04	math-lkg-half-whole-s02.mp3	ଆଉ ଏହା ତାର ଅଧା.	2.2s
1.04	math-lkg-half-whole-s04.mp3	ଆଉ ଏହା ତାର ଅଧା.	2.2s
1.04	math-lkg-half-whole-s06.mp3	ଆଉ ଏହା ତାର ଅଧା.	2.2s
1.04	math-nur-count-51-100-s39.mp3	ଏବେ କୁହ, ଏକାଅଶୀ.	2.2s
1.05	evs-lkg-animal-food-s11.mp3	ମାଙ୍କଡ଼ କଦଳୀ ଖାଏ.	2.5s
1.05	math-ukg-compare-numbers-s01.mp3	ସାତ ଆଉ ତିନି କୁ ଦେଖ.	2.5s
1.05	eng-nur-colors-s04.mp3	ଏହା ହଳଦିଆ.	1.6s
1.05	evs-ukg-india-culture-s07.mp3	ଆଉ ଦୀପ ଜାଳୁ.	1.6s
1.05	math-lkg-same-different-s01.mp3	ତିନୋଟି ସମାନ. ଗୋଟିଏ ଅଲଗା. ଅଲଗାଟିକୁ ଛୁଅଁ.	5.2s
1.05	math-lkg-same-different-s02.mp3	ତିନୋଟି ସମାନ. ଗୋଟିଏ ଅଲଗା. ଅଲଗାଟିକୁ ଛୁଅଁ.	5.2s
1.05	math-lkg-same-different-s03.mp3	ତିନୋଟି ସମାନ. ଗୋଟିଏ ଅଲଗା. ଅଲଗାଟିକୁ ଛୁଅଁ.	5.2s
1.05	eng-nur-insects-s06.mp3	ଏହା ଏକ କଙ୍କି. ଏହା ପାଣି ପାଖରେ ଉଡ଼େ.	4.4s
1.05	elephant_about.mp3	ଏହା ଏକ ହାତୀ. ହାତୀ ବହୁତ ବଡ଼.	3.6s
1.05	eng-nur-wild-animals-s04.mp3	ଏହା ଏକ ହାତୀ. ହାତୀ ବହୁତ ବଡ଼.	3.6s
1.05	math-ukg-add-single-s08.mp3	ଏବେ ଏଗୁଡ଼ିକ ଗଣ, ଚାରି.	2.8s
1.05	math-nur-count-21-50-s20.mp3	ଛତିଶ ରୁ ଚାଳିଶ.	1.9s
1.05	math-ukg-divide-single-s01.mp3	ଏଠି ଛଅଟି ଅଛି.	1.9s
1.05	demo-sky-s01.mp3	ଆମେ ବେଲୁନରେ ଅଛୁ. ତଳକୁ ଦେଖ, ଭୂଇଁ ବହୁତ ତଳେ.	5.5s
1.05	math-nur-count-21-50-s18.mp3	ଏବେ କୁହ, ଚଉତିରିଶ.	2.5s
1.05	math-nur-count-21-50-s27.mp3	ଏବେ କୁହ, ଏକଚାଳିଶ.	2.5s
1.05	eng-nur-alphabets-s16.mp3	ଏହା ବଡ଼ ଏଫ.	1.7s
1.05	eng-nur-alphabets-s52.mp3	ଏହା ବଡ଼ ଆର.	1.7s
1.05	eng-lkg-transport-types-s15.mp3	ଏହା ଏକ ରକେଟ.	1.9s
1.05	evs-lkg-market-s02.mp3	ଏହା ଫଳ ଦୋକାନ.	1.9s
1.06	eng-nur-animal-sounds-s03.mp3	ଏବେ କୁକୁଡ଼ାକୁ ଖୋଜ.	2.2s
1.06	math-nur-count-51-100-s11.mp3	ଏବେ କୁହ, ଅଠାବନ.	2.2s
1.06	math-nur-count-51-100-s52.mp3	ଏବେ କୁହ, ବୟାନବେ.	2.2s
1.06	math-nur-count-51-100-s58.mp3	ଏବେ କୁହ, ସତାନବେ.	2.2s
1.06	eng-lkg-transport-sort-s06.mp3	ଏହା ଏକ ଜାହାଜ. ଏହା କେଉଁଠି ଚାଲେ, ରାସ୍ତାରେ, ପାଣିରେ, ନା ଆକାଶରେ. ଠିକ ଜାଗାକୁ ଛୁଅଁ.	9.2s
1.06	math-nur-count-21-50-s34.mp3	ଏବେ କୁହ, ସତଚାଳିଶ.	2.5s
1.06	eng-lkg-transport-types-s02.mp3	ଏଗୁଡ଼ିକ ରାସ୍ତାରେ ଚାଲେ.	2.8s
1.06	hin-lkg-khet-upar-niche-s05.mp3	ଟମାଟୋ ମାଟି ଉପରେ ଫଳେ.	2.8s
1.06	math-ukg-add-single-s02.mp3	ଏବେ ଏଗୁଡ଼ିକ ଗଣ, ତିନି.	2.8s
1.06	math-nur-weight-check-s01.mp3	କେଉଁଟି ଅଧିକ ଓଜନିଆ. ତାକୁ ଛୁଅଁ.	3.9s
1.06	eng-nur-alphabets-s63.mp3	ୟୁ, ଅମ୍ବ୍ରେଲା, ମାନେ ଛତା.	2.8s
1.06	math-lkg-lines-curves-s01.mp3	ଏହି ରେଖାଗୁଡ଼ିକ ଦେଖ.	2.5s
1.06	math-lkg-lines-curves-s05.mp3	ଏହି ରେଖାଗୁଡ଼ିକ ଦେଖ.	2.5s
1.06	math-nur-count-21-50-s22.mp3	ଏବେ କୁହ, ସଇଁତିରିଶ.	2.5s
1.06	evs-ukg-farm-visit-dog.mp3	ଏହା ଏକ କୁକୁର. କୁକୁର ଚାଷ ଜମି ଜଗେ.	4.5s
1.06	math-nur-count-51-100-s48.mp3	ଏବେ କୁହ, ଅଣାନବେ.	2.2s
1.06	math-nur-count-51-100-s51.mp3	ଏବେ କୁହ, ଏକାନବେ.	2.2s
1.06	math-nur-count-51-100-s57.mp3	ଏବେ କୁହ, ଛୟାନବେ.	2.2s
1.06	math-nur-one-many-s03.mp3	ଗୋଟିଏ, ଆଉ ଅନେକ.	2.2s
1.06	math-nur-count-21-50-s37.mp3	ଏବେ କୁହ, ପଚାଶ.	2.0s
1.06	eng-lkg-months-year-s07.mp3	ତାପରେ ଜୁଲାଇ.	1.7s
1.06	eng-nur-alphabets-s17.mp3	ଏହା ଛୋଟ ଏଫ.	1.7s
1.06	eng-nur-birds-s04.mp3	ଏହା ଏକ ପାରା.	1.7s
1.06	math-nur-big-small-s02.mp3	ଆଉ ଏହା ଛୋଟ.	1.7s
1.06	math-nur-big-small-s04.mp3	ଆଉ ଏହା ଛୋଟ.	1.7s
1.06	math-nur-long-short-s02.mp3	ଆଉ ଏହା ଛୋଟ.	1.7s
1.06	evs-ukg-safe-touch-s04.mp3	ସେତେବେଳେ ତିନୋଟି କାମ କର. ପ୍ରଥମ, ଜୋରରେ କୁହ, ନା.	5.9s
1.06	eng-nur-wild-animal-traits-s03.mp3	ହାତୀର ଲମ୍ବା ଶୁଣ୍ଢ ଥାଏ. ଶୁଣ୍ଢରେ ସେ ପାଣି ପିଏ.	5.6s
1.06	evs-lkg-body-parts-s07.mp3	ଏହା ପାଟି. ପାଟିରେ ଆମେ ଖାଉ ଓ କଥା କହୁ.	4.5s
1.06	eng-nur-alphabets-s72.mp3	ଏକ୍ସ, ଜାଇଲୋଫୋନ, ମାନେ ଜାଇଲୋଫୋନ.	4.2s
1.06	our_classroom_s5.mp3	ଝରକା ଦେଖ. ଆଲୋକ ସେଠାରୁ ଆସେ.	3.6s
1.06	eng-lkg-transport-sort-s02.mp3	ଏହା ଏକ ଡଙ୍ଗା. ଏହା କେଉଁଠି ଚାଲେ, ରାସ୍ତାରେ, ପାଣିରେ, ନା ଆକାଶରେ. ଠିକ ଜାଗାକୁ ଛୁଅଁ.	9.2s
1.07	math-lkg-open-close-s02.mp3	ଏହି ଫାଟକ ଖୋଲା. ଏବେ ବାଟ ଖୋଲା ଅଛି.	4.2s
1.07	math-ukg-compare-numbers-s04.mp3	ଦୁଇ, ଆଠ ଠାରୁ ଛୋଟ.	2.2s
1.07	math-nur-count-check-s03.mp3	ତେୟାଳିଶ କେଉଁଠି ଅଛି. ତାକୁ ଛୁଅଁ.	3.6s
1.07	cow.mp3	ଏହା ଏକ ଗାଈ.	1.7s
1.07	eng-lkg-animal-products-s02.mp3	ଏହା ଏକ ଗାଈ.	1.7s
1.07	eng-nur-alphabets-s74.mp3	ଏହା ଛୋଟ ୱାଇ.	1.7s
1.07	evs-lkg-animal-babies-s02.mp3	ଏହା ଏକ ଗାଈ.	1.7s
1.07	evs-lkg-animal-food-s02.mp3	ଏହା ଏକ ଗାଈ.	1.7s
1.07	evs-lkg-animal-habitats-s10.mp3	ଏହା ଏକ ଗାଈ.	1.7s
1.07	math-ukg-sub-double-s03.mp3	ଅଠର ବିଯୁକ୍ତ ଛଅ. ଭାବ.	3.1s
1.07	eng-lkg-two-letter-words-s08.mp3	ମିଶି ହେଲା ଗୋ, ମାନେ ଯାଅ.	2.5s
1.07	eng-nur-alphabets-s51.mp3	କ୍ୟୁ, କୁଇନ, ମାନେ ରାଣୀ.	2.5s
1.07	math-nur-count-51-100-s42.mp3	ଏବେ କୁହ, ଚଉରାଅଶୀ.	2.5s
1.07	math-nur-count-51-100-s60.mp3	ଏବେ କୁହ, ଅନେଶ୍ୱତ.	2.5s
1.07	math-nur-near-far-s01.mp3	ଏହି ଗଛ ପାଖରେ ଅଛି.	2.5s
1.07	eng-nur-alphabets-s14.mp3	ଏହା ଛୋଟ ଇ.	1.4s
1.07	math-nur-count-1-20-s15.mp3	ଏବେ କୁହ, ପନ୍ଦର.	2.3s
1.07	math-nur-count-21-50-s29.mp3	ଏବେ କୁହ, ତେୟାଳିଶ.	2.3s
1.07	eng-lkg-animal-sound-names-s03.mp3	ଘୋଡ଼ା ହିଁ ହିଁ କରେ. କୁକୁଡ଼ା କକ୍ କକ୍ କରେ.	4.2s
1.07	hin-nur-janvar-boliya-s03.mp3	ଘୋଡ଼ା ହିଁ ହିଁ କରେ. କୁକୁଡ଼ା କକ୍ କକ୍ କରେ.	4.2s
1.07	eng-nur-water-animals-s02.mp3	ଏହା ଏକ ମାଛ. ମାଛ ପାଣିରେ ପହଁରେ.	3.9s
1.07	hin-ukg-matra-s09.mp3	କ ରେ ଉ ମାତ୍ରା ଲାଗିଲା, କୁ.	2.8s
1.08	eng-lkg-myself-s05.mp3	ଏହା ମୋ ଘର. ମୁଁ ମୋ ପରିବାର ସହ ଏଠାରେ ରହେ.	5.1s
1.08	eng-nur-animal-sounds-s02.mp3	ଗାଈ କେମିତି ଡାକେ. ତାକୁ ଖୋଜ ଆଉ ଦେଖ.	4.2s
1.08	eng-nur-wild-animals-s02.mp3	ଏହା ଏକ ସିଂହ. ସିଂହ ଜଙ୍ଗଲର ରାଜା.	4.2s
1.08	eng-nur-fruits-s02.mp3	ଏହା ଏକ ସେଓ.	1.7s
1.08	eng-lkg-transport-sort-s04.mp3	ଏହା ଏକ ବସ. ଏହା କେଉଁଠି ଚାଲେ, ରାସ୍ତାରେ, ପାଣିରେ, ନା ଆକାଶରେ. ଠିକ ଜାଗାକୁ ଛୁଅଁ.	9.0s
1.08	evs-ukg-plant-parts-s02.mp3	ଏଗୁଡ଼ିକ ଚେର. ଚେର ମାଟି ତଳେ ଥାଏ. ସେଗୁଡ଼ିକ ପାଣି ଶୋଷେ ଆଉ ଗଛକୁ ଧରି ରଖେ.	8.8s
1.08	evs-lkg-house-parts-s01.mp3	ଏହା ଏକ ଘର. ଘରର ଅନେକ ଅଂଶ ଥାଏ.	4.5s
1.08	math-nur-count-21-50-s33.mp3	ଏବେ କୁହ, ଛୟାଳିଶ.	2.3s
1.08	math-nur-count-51-100-s59.mp3	ଏବେ କୁହ, ଅଠାନବେ.	2.3s
1.08	eng-ukg-behind-front-s03.mp3	ଏବେ ଏହାକୁ ଦେଖ.	2.0s
1.08	math-nur-count-21-50-s21.mp3	ଏବେ କୁହ, ଛତିଶ.	2.0s
1.08	math-nur-count-21-50-s30.mp3	ଏବେ କୁହ, ଚଉରାଳିଶ.	2.6s
1.08	evs-lkg-body-parts-s08.mp3	ଏଗୁଡ଼ିକ ହାତ. ହାତରେ ଆମେ କାମ କରୁ.	4.3s
1.08	hin-ukg-char-akshar-s04.mp3	ମିଶି ହେଲା ବରଗଦ, ମାନେ ବର ଗଛ.	4.0s
1.08	eng-nur-bird-animal-sounds-s03.mp3	ଏବେ ବିଲେଇକୁ ଖୋଜ.	2.3s
1.08	math-nur-count-51-100-s10.mp3	ଏବେ କୁହ, ସତାବନ.	2.3s
1.09	evs-ukg-plant-parts-s06.mp3	ଏହା ଫଳ. ଫଳ ଭିତରେ ମଞ୍ଜି ଥାଏ.	4.0s
1.09	evs-lkg-body-parts-s02.mp3	ଏହା ମୁଣ୍ଡ.	1.4s
1.09	evs-nur-rainbow-s02.mp3	ତାପରେ ଖରା ପଡ଼ିଲା.	2.3s
1.09	eng-ukg-behind-front-s05.mp3	ଆଗରେ, ଆଉ ପଛରେ. ଏହା ମନେ ରଖ.	4.0s
1.09	eng-lkg-transport-sort-s01.mp3	ଏହା ଏକ କାର. ଏହା କେଉଁଠି ଚାଲେ, ରାସ୍ତାରେ, ପାଣିରେ, ନା ଆକାଶରେ. ଠିକ ଜାଗାକୁ ଛୁଅଁ.	9.2s
1.09	math-nur-in-out-s02.mp3	ଏହି ସେଓ ବାହାରେ ଅଛି.	2.6s
1.09	evs-ukg-farm-visit-horse.mp3	ଏହା ଏକ ଘୋଡ଼ା. ଘୋଡ଼ା ଗାଡ଼ି ଟାଣେ ଆଉ ଜୋରରେ ଦୌଡ଼େ.	5.4s
1.09	eng-nur-alphabets-s55.mp3	ଏହା ବଡ଼ ଏସ.	1.7s
1.09	math-ukg-sub-single-s02.mp3	ଦୁଇଟି କାଢ଼ି ନିଅ.	2.0s
1.09	math-nur-count-51-100-s45.mp3	ଏବେ କୁହ, ଛୟାଅଶୀ.	2.3s
1.10	eng-nur-alphabets-s48.mp3	ପି, ପ୍ୟାରଟ, ମାନେ ଶୁଆ.	2.6s
1.10	eng-lkg-three-letter-words-s12.mp3	ମିଶି ହେଲା ବସ, ମାନେ ବସ.	2.9s
1.10	hin-ukg-do-akshar-s12.mp3	ମିଶି ହେଲା ବସ, ମାନେ ବସ.	2.9s
1.10	eng-nur-alphabets-s19.mp3	ଏହା ବଡ଼ ଜି.	1.4s
1.10	math-lkg-opposites-s07.mp3	ଏହା ଗରମ.	1.4s
1.10	eng-nur-bird-animal-sounds-owl.mp3	ଏହା ଏକ ପେଚା. ପେଚା ହୁ ହୁ କରେ.	3.5s
1.10	math-nur-long-round-s02.mp3	କେଉଁ ଜିନିଷ ଲମ୍ବା. ତାକୁ ଛୁଅଁ.	3.5s
1.10	horse.mp3	ଏହା ଏକ ଘୋଡ଼ା.	1.7s
1.10	eng-ukg-phonics-s21.mp3	କ୍ୟୁ ର ଧ୍ୱନି, କ୍ୱ. ମୋ ସହ କୁହ.	3.8s
1.10	math-nur-count-21-50-s28.mp3	ଏବେ କୁହ, ବୟାଳିଶ.	2.3s
1.10	math-nur-count-51-100-s41.mp3	ଏବେ କୁହ, ତେୟାଅଶୀ.	2.3s
1.10	math-ukg-add-double-s01.mp3	ଦଶ ଯୁକ୍ତ ପାଞ୍ଚ. ଭାବ.	2.9s
1.11	eng-nur-bird-animal-sounds-parrot.mp3	ଏହା ଏକ ଶୁଆ. ଶୁଆଟିଁଟିଁ କରେ.	3.5s
1.11	eng-lkg-transport-types-s03.mp3	ଏହା ଏକ କାର.	1.7s
1.11	eng-nur-alphabets-s56.mp3	ଏହା ଛୋଟ ଏସ.	1.7s
1.11	hin-ukg-matra-s04.mp3	ଏହା ଇ ମାତ୍ରା.	1.7s
1.11	eng-nur-alphabets-s13.mp3	ଏହା ବଡ଼ ଇ.	1.5s
1.11	evs-lkg-animal-footprints-s08.mp3	ଏଗୁଡ଼ିକ ହାତୀର.	2.0s
1.11	math-nur-count-21-50-s09.mp3	ଏବେ କୁହ, ଛବିଶ.	2.0s
1.11	eng-nur-bird-animal-sounds-s04.mp3	କିଏ ହୁ ହୁ କରେ. ଖୋଜି ଦେଖ.	2.9s
1.11	eng-lkg-transport-types-s08.mp3	ଏଗୁଡ଼ିକ ପାଣିରେ ଚାଲେ.	2.6s
1.11	math-nur-count-51-100-s12.mp3	ଏବେ କୁହ, ଅଣଷଠି.	2.3s
1.11	math-nur-count-51-100-s36.mp3	ଏବେ କୁହ, ଅଣାଅଶୀ.	2.3s
1.11	math-nur-count-51-100-s53.mp3	ଏବେ କୁହ, ତେୟାନବେ.	2.3s
1.11	math-ukg-compare-numbers-s02.mp3	ସାତ, ତିନି ଠାରୁ ବଡ଼.	2.3s
1.11	evs-ukg-farm-visit-donkey.mp3	ଏହା ଏକ ଗଧ. ଗଧ ବୋଝ ବୁହେ.	3.5s
1.11	eng-nur-alphabets-s53.mp3	ଏହା ଛୋଟ ଆର.	1.8s
1.11	hin-ukg-matra-s10.mp3	ଏହା ଏ ମାତ୍ରା.	1.8s
1.11	eng-nur-colors-check-s03.mp3	କେଉଁଟି ହଳଦିଆ. ତାକୁ ଛୁଅଁ.	3.2s
1.11	math-ukg-sub-double-s05.mp3	ତିରିଶ ବିଯୁକ୍ତ ଦଶ. ଭାବ.	3.2s
1.11	math-nur-weight-check-s02.mp3	ଏବେ, କେଉଁଟି ଅଧିକ ହାଲୁକା. ତାକୁ ଛୁଅଁ.	4.4s
1.11	hin-lkg-khet-upar-niche-s02.mp3	ଗାଜର ମାଟି ତଳେ ବଢ଼େ.	2.6s
1.12	hin-lkg-sabji-rang-s10.mp3	ବନ୍ଧାକୋବି ସବୁଜ.	2.3s
1.12	math-nur-count-51-100-s22.mp3	ଏବେ କୁହ, ସତଷଠି.	2.3s
1.12	evs-lkg-market-s08.mp3	ଏବେ କୁହ, ବାଇଗଣ.	2.4s
1.12	math-nur-count-51-100-s40.mp3	ଏବେ କୁହ, ବୟାଅଶୀ.	2.4s
1.12	eng-nur-shapes-check-s02.mp3	କେଉଁଟି ବୃତ୍ତ. ତାକୁ ଛୁଅଁ.	3.0s
1.12	eng-lkg-months-year-s05.mp3	ତାପରେ ମଇ.	1.5s
1.12	eng-nur-colors-s07.mp3	ଏହା କମଳା.	1.5s
1.12	eng-nur-bird-animal-sounds-crow.mp3	ଏହା ଏକ କୁଆ. କୁଆ କା କା କରେ.	3.5s
1.12	math-nur-count-1-20-s11.mp3	ଏବେ କୁହ, ଏଗାର.	2.1s
1.12	math-nur-count-51-100-s08.mp3	ଛପନ ରୁ ଷାଠିଏ.	2.1s
1.12	math-nur-count-51-100-s25.mp3	ଏବେ କୁହ, ସତୁରି.	2.1s
1.12	evs-lkg-house-parts-s03.mp3	ଏହା ଛାତ. ଏହା ଖରା ଓ ବର୍ଷାରୁ ରକ୍ଷା କରେ.	5.3s
1.13	eng-nur-alphabets-s60.mp3	ଟି, ଟାଇଗର, ମାନେ ବାଘ.	2.7s
1.13	hin-ukg-do-akshar-s06.mp3	ମିଶି ହେଲା ଘର, ମାନେ ଘର.	3.0s
1.13	math-nur-count-51-100-s15.mp3	ଏବେ କୁହ, ଏକଷଠି.	2.4s
1.13	math-nur-count-51-100-s29.mp3	ଏବେ କୁହ, ତେସ୍ତରି.	2.4s
1.13	eng-nur-alphabets-s73.mp3	ଏହା ବଡ଼ ୱାଇ.	1.8s
1.13	math-nur-count-1-20-s20.mp3	ଏବେ କୁହ, କୋଡ଼ିଏ.	2.1s
1.13	math-nur-count-21-50-s07.mp3	ଏବେ କୁହ, ପଚିଶ.	2.1s
1.13	hin-ukg-matra-s03.mp3	କ ରେ ଆ ମାତ୍ରା ଲାଗିଲା, କା.	3.0s
1.13	math-nur-count-51-100-s20.mp3	ଛଅଷଠି ରୁ ସତୁରି.	2.4s
1.13	math-nur-count-51-100-s47.mp3	ଏବେ କୁହ, ଅଠାଅଶୀ.	2.4s
1.13	eng-nur-alphabets-s37.mp3	ଏହା ବଡ଼ ଏମ.	1.8s
1.14	eng-lkg-three-letter-words-s08.mp3	ମିଶି ହେଲା କପ, ମାନେ କପ.	3.0s
1.14	eng-nur-birds-s02.mp3	ଏହା ଏକ କୁଆ. କୁଆ କଳା.	3.0s
1.14	math-nur-count-21-50-s16.mp3	ଏବେ କୁହ, ବତିଶ.	2.1s
1.14	math-nur-count-51-100-s28.mp3	ଏବେ କୁହ, ବାସ୍ତରି.	2.4s
1.14	eng-nur-bird-animal-sounds-dog.mp3	ଏହା ଏକ କୁକୁର. କୁକୁର ଭୋ ଭୋ କରେ.	4.2s
1.14	eng-nur-alphabets-s78.mp3	ଜେଡ, ଜେବ୍ରା, ମାନେ ଜେବ୍ରା.	3.0s
1.14	hin-ukg-matra-s07.mp3	କ ରେ ଈ ମାତ୍ରା ଲାଗିଲା, କୀ.	3.0s
1.14	eng-nur-alphabets-s32.mp3	ଏହା ଛୋଟ କେ.	1.5s
1.14	eng-nur-alphabets-s34.mp3	ଏହା ବଡ଼ ଏଲ.	1.8s
1.14	eng-nur-shapes-s08.mp3	ଏହା ଏକ ତାରା.	1.8s
1.14	math-nur-count-1-20-s05.mp3	ଏବେ କୁହ, ପାଞ୍ଚ.	2.1s
1.14	math-nur-count-21-50-s17.mp3	ଏବେ କୁହ, ତେତିଶ.	2.1s
1.14	math-nur-count-51-100-s09.mp3	ଏବେ କୁହ, ଛପନ.	2.1s
1.14	math-nur-count-51-100-s18.mp3	ଏବେ କୁହ, ଚଉଷଠି.	2.4s
1.15	evs-ukg-plant-parts-s05.mp3	ଏହା ଫୁଲ. ଫୁଲରୁ ଫଳ ହୁଏ.	3.3s
1.15	eng-nur-alphabets-s06.mp3	ବି, ବନାନା, ମାନେ କଦଳୀ.	2.7s
1.15	evs-lkg-animal-habitats-s09.mp3	ସିଂହ ଗୁମ୍ଫାରେ ରହେ.	2.4s
1.15	math-nur-count-51-100-s23.mp3	ଏବେ କୁହ, ଅଠଷଠି.	2.4s
1.15	eng-nur-alphabets-s35.mp3	ଏହା ଛୋଟ ଏଲ.	1.8s
1.15	math-nur-long-round-s01.mp3	କେଉଁ ଜିନିଷ ଗୋଲ. ତାକୁ ଛୁଅଁ.	3.3s
1.15	eng-nur-alphabets-s01.mp3	ଏହା ବଡ଼ ଏ.	1.5s
1.15	hin-ukg-matra-s11.mp3	କ ରେ ଏ ମାତ୍ରା ଲାଗିଲା, କେ.	3.0s
1.15	eng-nur-alphabets-s09.mp3	ସି, କ୍ୟାଟ, ମାନେ ବିଲେଇ.	2.7s
1.16	math-nur-count-1-20-s17.mp3	ଏବେ କୁହ, ସତର.	2.1s
1.16	math-nur-count-21-50-s13.mp3	ଏବେ କୁହ, ତିରିଶ.	2.1s
1.16	evs-lkg-body-parts-s05.mp3	ଏଗୁଡ଼ିକ କାନ. କାନରେ ଆମେ ଶୁଣୁ.	3.9s
1.16	evs-lkg-market-s03.mp3	ଏଠି ସେଓ ମିଳେ.	1.8s
1.16	eng-nur-alphabets-s20.mp3	ଏହା ଛୋଟ ଜି.	1.5s
1.16	eng-nur-alphabets-s28.mp3	ଏହା ବଡ଼ ଜେ.	1.5s
1.16	eng-nur-alphabets-s29.mp3	ଏହା ଛୋଟ ଜେ.	1.5s
1.16	eng-nur-alphabets-s59.mp3	ଏହା ଛୋଟଟି.	1.5s
1.16	eng-nur-alphabets-s65.mp3	ଏହା ଛୋଟ ଭି.	1.5s
1.16	evs-lkg-market-s07.mp3	ଏଠି ଟମାଟୋ.	1.5s
1.16	eng-ukg-phonics-s29.mp3	ଏକ୍ସ ର ଧ୍ୱନି, କ୍ସ. ମୋ ସହ କୁହ.	4.3s
1.16	math-nur-count-21-50-s05.mp3	ଏବେ କୁହ, ତେଇଶ.	2.1s
1.16	hin-ukg-matra-s01.mp3	ଏହା କ. ଏହାକୁ ମନେ ରଖ.	3.1s
1.16	eng-nur-alphabets-s24.mp3	ଏଚ, ହେନ, ମାନେ କୁକୁଡ଼ା.	2.8s
1.16	eng-nur-alphabets-s40.mp3	ଏହା ବଡ଼ ଏନ.	1.8s
1.17	eng-nur-alphabets-s08.mp3	ଏହା ଛୋଟ ସି.	1.5s
1.17	eng-nur-alphabets-s10.mp3	ଏହା ବଡ଼ ଡି.	1.5s
1.17	eng-nur-alphabets-s47.mp3	ଏହା ଛୋଟ ପି.	1.5s
1.17	math-nur-count-1-20-s18.mp3	ଏବେ କୁହ, ଅଠର.	2.1s
1.17	math-nur-count-21-50-s04.mp3	ଏବେ କୁହ, ବାଇଶ.	2.1s
1.17	math-nur-count-51-100-s56.mp3	ଛୟାନବେ ରୁ ଶହେ.	2.1s
1.17	eng-ukg-phonics-s28.mp3	ଡବ୍ଲ୍ୟୁ ର ଧ୍ୱନି, ୱ. ମୋ ସହ କୁହ.	4.3s
1.17	eng-nur-alphabets-s23.mp3	ଏହା ଛୋଟ ଏଚ.	1.8s
1.17	hin-nur-vadya-yantra-s09.mp3	ଏହା ଭାୟୋଲିନ.	1.8s
1.17	hin-ukg-matra-s13.mp3	କ ରେ ଓ ମାତ୍ରା ଲାଗିଲା, କୋ.	3.1s
1.17	evs-lkg-market-s04.mp3	ଏବେ କୁହ, କଦଳୀ.	2.2s
1.18	eng-nur-alphabets-s15.mp3	ଇ, ଏଲିଫାଣ୍ଟ, ମାନେ ହାତୀ.	3.1s
1.18	eng-nur-alphabets-s07.mp3	ଏହା ବଡ଼ ସି.	1.5s
1.18	eng-nur-alphabets-s11.mp3	ଏହା ଛୋଟ ଡି.	1.5s
1.18	eng-nur-domestic-animals-s04.mp3	ଏହା ଏକ ଘୋଡ଼ା. ଘୋଡ଼ା ଜୋରରେ ଦୌଡ଼େ.	4.0s
1.18	horse_about.mp3	ଏହା ଏକ ଘୋଡ଼ା. ଘୋଡ଼ା ଜୋରରେ ଦୌଡ଼େ.	4.0s
1.18	eng-nur-alphabets-s12.mp3	ଡି, ଡଗ, ମାନେ କୁକୁର.	2.5s
1.18	eng-ukg-phonics-s11.mp3	ଆଇ ର ଧ୍ୱନି, ଇ. ମୋ ସହ କୁହ.	3.7s
1.18	evs-lkg-animal-habitats-s08.mp3	ଏହା ଏକ ସିଂହ.	1.9s
1.18	eng-nur-colors-check-s01.mp3	କେଉଁଟି ନୀଳ. ତାକୁ ଛୁଅଁ.	2.8s
1.18	math-nur-count-21-50-s06.mp3	ଏବେ କୁହ, ଚବିଶ.	2.2s
1.18	math-nur-long-short-s01.mp3	ଏହି ବାଡ଼ି ଲମ୍ବା.	2.2s
1.18	math-ukg-sub-single-s08.mp3	ଏକଟି କାଢ଼ି ନିଅ.	2.2s
1.18	math-nur-count-check-s01.mp3	ସାତ କେଉଁଠି ଅଛି. ତାକୁ ଛୁଅଁ.	3.4s
1.18	math-nur-count-check-s05.mp3	ଶହେ କେଉଁଠି ଅଛି. ତାକୁ ଛୁଅଁ.	3.4s
1.18	eng-lkg-two-letter-words-s01.mp3	ଦେଖ, ଆଇ ଆଉ ଏନ.	2.5s
1.18	eng-nur-alphabets-s36.mp3	ଏଲ, ଲାୟନ, ମାନେ ସିଂହ.	2.8s
1.18	eng-nur-alphabets-s45.mp3	ଓ, ଅରେଞ୍ଜ, ମାନେ କମଳା.	3.1s
1.18	eng-nur-alphabets-s05.mp3	ଏହା ଛୋଟ ବି.	1.6s
1.18	eng-nur-alphabets-s64.mp3	ଏହା ବଡ଼ ଭି.	1.6s
1.19	eng-lkg-myself-s01.mp3	ନମସ୍କାର. ମୋ ନାଁ ମୀନା. ମୋତେ ଚାରି ବର୍ଷ. ମୁଁ ଜଣେ ଝିଅ.	6.5s
1.19	eng-nur-alphabets-s38.mp3	ଏହା ଛୋଟ ଏମ.	1.9s
1.19	hin-lkg-sabji-rang-s08.mp3	ମକା ହଳଦିଆ.	1.9s
1.19	eng-lkg-two-letter-words-s03.mp3	ଦେଖ, ଓ ଆଉ ଏନ.	2.2s
1.19	math-nur-count-51-100-s21.mp3	ଏବେ କୁହ, ଛଅଷଠି.	2.5s
1.19	math-nur-count-21-50-s25.mp3	ଏବେ କୁହ, ଚାଳିଶ.	2.2s
1.19	eng-nur-colors-check-s02.mp3	କେଉଁଟି ଗୋଲାପୀ. ତାକୁ ଛୁଅଁ.	3.1s
1.19	eng-nur-alphabets-s02.mp3	ଏହା ଛୋଟ ଆ.	1.6s
1.20	eng-nur-alphabets-s66.mp3	ଭି, ଭାୟୋଲିନ, ମାନେ ଭାୟୋଲିନ.	3.5s
1.20	evs-lkg-animal-footprints-s02.mp3	ଏଗୁଡ଼ିକ ଗାଈର.	2.2s
1.20	math-nur-count-1-20-s14.mp3	ଏବେ କୁହ, ଚଉଦ.	2.2s
1.20	eng-lkg-animal-sound-names-s02.mp3	ଗାଈ ହମ୍ବା କରେ. ଛେଳି ମେଁ ମେଁ କରେ.	4.1s
1.20	hin-nur-janvar-boliya-s02.mp3	ଗାଈ ହମ୍ବା କରେ. ଛେଳି ମେଁ ମେଁ କରେ.	4.1s
1.20	eng-ukg-phonics-s15.mp3	ଏଲ ର ଧ୍ୱନି, ଲ. ମୋ ସହ କୁହ.	3.8s
1.20	eng-nur-alphabets-s41.mp3	ଏହା ଛୋଟ ଏନ.	1.9s
1.20	math-nur-count-51-100-s61.mp3	ଏବେ କୁହ, ଶହେ.	1.9s
1.20	eng-nur-colors-s10.mp3	ଏହା ବାଦାମୀ.	1.6s
1.20	eng-ukg-phonics-s16.mp3	ଏମ ର ଧ୍ୱନି, ମ. ମୋ ସହ କୁହ.	3.8s
1.21	hin-lkg-khet-upar-niche-s03.mp3	ମୂଳା ମଧ୍ୟ ତଳେ ବଢ଼େ.	2.9s
1.21	evs-lkg-professions-s08.mp3	ଏ ଜଣେ ଚାଷୀ.	1.6s
1.21	eng-ukg-phonics-s08.mp3	ଏଫ ର ଧ୍ୱନି, ଫ. ମୋ ସହ କୁହ.	3.8s
1.21	math-lkg-lines-curves-s04.mp3	ଏହା ତେରଛା ରେଖା.	2.2s
1.22	eng-ukg-phonics-s10.mp3	ଏଚ ର ଧ୍ୱନି, ହ. ମୋ ସହ କୁହ.	3.8s
1.22	math-nur-big-small-s03.mp3	ଏହା ମଧ୍ୟ ବଡ଼.	2.2s
1.22	math-nur-count-1-20-s16.mp3	ଏବେ କୁହ, ଷୋହଳ.	2.2s
1.22	eng-lkg-months-year-s06.mp3	ତାପରେ ଜୁନ.	1.6s
1.22	eng-nur-alphabets-s75.mp3	ୱାଇ, ୟାର୍ନ, ମାନେ ଉଲ ଗୋଲା.	3.5s
1.22	eng-lkg-two-letter-words-s12.mp3	ମିଶି ହେଲା ୱି, ମାନେ ଆମେ.	2.9s
1.23	eng-nur-alphabets-s33.mp3	କେ, କାଇଟ, ମାନେ ଗୁଡ଼ି.	2.6s
1.23	hin-ukg-matra-s05.mp3	କ ରେ ଇ ମାତ୍ରା ଲାଗିଲା, କି.	3.2s
1.23	eng-nur-alphabets-s04.mp3	ଏହା ବଡ଼ ବି.	1.6s
1.23	eng-nur-alphabets-s44.mp3	ଏହା ଛୋଟ ଓ.	1.6s
1.23	eng-nur-alphabets-s61.mp3	ଏହା ବଡ଼ ୟୁ.	1.6s
1.23	eng-nur-colors-s05.mp3	ଏହା ସବୁଜ.	1.6s
1.23	eng-nur-colors-s09.mp3	ଏହା ଗୋଲାପୀ.	1.6s
1.23	math-lkg-opposites-s03.mp3	ଏହା ଲମ୍ବା.	1.6s
1.23	hin-ukg-matra-s08.mp3	ଏହା ଉ ମାତ୍ରା.	1.9s
1.23	math-nur-count-51-100-s37.mp3	ଏବେ କୁହ, ଅଶୀ.	1.9s
1.23	math-nur-count-51-100-s04.mp3	ଏବେ କୁହ, ବାଉନ.	2.3s
1.23	math-nur-count-51-100-s13.mp3	ଏବେ କୁହ, ଷାଠିଏ.	2.3s
1.23	math-nur-count-51-100-s16.mp3	ଏବେ କୁହ, ବାଷଠି.	2.3s
1.23	eng-ukg-phonics-s23.mp3	ଏସ ର ଧ୍ୱନି, ସ. ମୋ ସହ କୁହ.	3.9s
1.24	math-nur-count-1-20-s01.mp3	ଏବେ କୁହ, ଏକ.	2.0s
1.24	math-nur-count-51-100-s49.mp3	ଏବେ କୁହ, ନବେ.	2.0s
1.24	eng-nur-alphabets-s46.mp3	ଏହା ବଡ଼ ପି.	1.6s
1.24	eng-nur-colors-s03.mp3	ଏହା ନୀଳ.	1.3s
1.24	eng-ukg-phonics-s17.mp3	ଏନ ର ଧ୍ୱନି, ନ. ମୋ ସହ କୁହ.	3.9s
1.25	eng-nur-alphabets-s31.mp3	ଏହା ବଡ଼ କେ.	1.6s
1.25	hin-lkg-sabji-rang-s02.mp3	ଟମାଟୋ ନାଲି.	1.6s
1.25	math-ukg-add-double-s03.mp3	ବାର ଯୁକ୍ତ ଛଅ. ଭାବ.	3.0s
1.25	eng-ukg-phonics-s22.mp3	ଆର ର ଧ୍ୱନି, ର. ମୋ ସହ କୁହ.	3.9s
1.26	eng-lkg-myself-s04.mp3	ଏ ମୋ ଭାଇ ରାଜୁ.	2.0s
1.26	hin-ukg-matra-s02.mp3	ଏହା ଆ ମାତ୍ରା.	2.0s
1.26	math-nur-count-1-20-s06.mp3	ଏବେ କୁହ, ଛଅ.	2.0s
1.26	math-nur-count-1-20-s08.mp3	ଏବେ କୁହ, ଆଠ.	2.0s
1.26	evs-lkg-body-parts-s10.mp3	ଏଗୁଡ଼ିକ ଗୋଡ଼. ଗୋଡ଼ରେ ଆମେ ଚାଲୁ.	4.3s
1.27	eng-ukg-phonics-s20.mp3	ପି ର ଧ୍ୱନି, ପ. ମୋ ସହ କୁହ.	3.7s
1.27	math-nur-count-1-20-s10.mp3	ଏବେ କୁହ, ଦଶ.	2.0s
1.27	hin-ukg-vyanjan-s35.mp3	ଏହା ଵ.	1.0s
1.27	eng-ukg-phonics-s18.mp3	ଓ ର ଧ୍ୱନି, ଅ. ମୋ ସହ କୁହ.	3.7s
1.28	math-nur-count-51-100-s05.mp3	ଏବେ କୁହ, ତେପନ.	2.3s
1.28	eng-ukg-phonics-s02.mp3	ଏ ର ଧ୍ୱନି, ଆ. ମୋ ସହ କୁହ.	3.7s
1.28	eng-nur-alphabets-s42.mp3	ଏନ, ନେଷ୍ଟ, ମାନେ ବସା.	3.0s
1.28	eng-nur-alphabets-s03.mp3	ଏ, ଆପଲ, ମାନେ ସେଓ.	2.7s
1.28	eng-nur-alphabets-s43.mp3	ଏହା ବଡ଼ ଓ.	1.7s
1.28	hin-nur-vadya-yantra-s08.mp3	ଏହା ତୂରୀ.	1.3s
1.29	eng-ukg-phonics-s14.mp3	କେ ର ଧ୍ୱନି, କ. ମୋ ସହ କୁହ.	3.7s
1.29	eng-nur-alphabets-s58.mp3	ଏହା ବଡ଼ଟି.	1.7s
1.29	eng-nur-shapes-check-s03.mp3	କେଉଁଟି ତାରା. ତାକୁ ଛୁଅଁ.	3.1s
1.29	eng-nur-vegetables-s05.mp3	ଏହା ମକା.	1.4s
1.29	hin-lkg-sabji-rang-s07.mp3	ଏହା ମକା.	1.4s
1.29	eng-ukg-phonics-s26.mp3	ୟୁ ର ଧ୍ୱନି, ଅ. ମୋ ସହ କୁହ.	3.7s
1.30	eng-nur-alphabets-s22.mp3	ଏହା ବଡ଼ ଏଚ.	2.0s
1.30	math-nur-count-1-20-s04.mp3	ଏବେ କୁହ, ଚାରି.	2.0s
1.30	eng-lkg-two-letter-words-s09.mp3	ଦେଖ, ଏନ ଆଉ ଓ.	2.4s
1.30	math-nur-count-1-20-s03.mp3	ଏବେ କୁହ, ତିନି.	2.1s
1.31	math-nur-count-51-100-s17.mp3	ଏବେ କୁହ, ତେଷଠି.	2.4s
1.31	eng-lkg-two-letter-words-s10.mp3	ମିଶି ହେଲା ନୋ, ମାନେ ନା.	2.8s
1.31	evs-lkg-animal-food-s03.mp3	ଗାଈ ଘାସ ଖାଏ.	2.1s
1.32	eng-lkg-hot-cold-s01.mp3	ଚା ଗରମ. ସାବଧାନ.	2.8s
1.32	eng-nur-alphabets-s62.mp3	ଏହା ଛୋଟ ୟୁ.	1.7s
1.32	evs-lkg-body-parts-s11.mp3	ଏଗୁଡ଼ିକ ପାଦ.	2.1s
1.32	math-nur-count-1-20-s12.mp3	ଏବେ କୁହ, ବାର.	2.1s
1.32	eng-ukg-phonics-s27.mp3	ଭି ର ଧ୍ୱନି, ଭ. ମୋ ସହ କୁହ.	3.8s
1.32	eng-ukg-phonics-s32.mp3	ଜେଡ ର ଧ୍ୱନି, ଜ. ମୋ ସହ କୁହ.	4.2s
1.33	math-nur-count-1-20-s07.mp3	ଏବେ କୁହ, ସାତ.	2.1s
1.33	eng-ukg-phonics-s24.mp3	ଟି ର ଧ୍ୱନି, ଟ. ମୋ ସହ କୁହ.	3.8s
1.33	eng-ukg-phonics-s30.mp3	ୱାଇ ର ଧ୍ୱନି, ୟ. ମୋ ସହ କୁହ.	4.2s
1.34	eng-nur-alphabets-s18.mp3	ଏଫ, ଫିସ, ମାନେ ମାଛ.	2.8s
1.34	hin-ukg-matra-s12.mp3	ଏହା ଓ ମାତ୍ରା.	2.1s
1.34	eng-lkg-three-letter-words-s09.mp3	ଦେଖ, ଏଚ, ଇ, ଏନ.	2.5s
1.35	math-nur-count-1-20-s13.mp3	ଏବେ କୁହ, ତେର.	2.1s
1.35	eng-ukg-phonics-s09.mp3	ଜି ର ଧ୍ୱନି, ଗ. ମୋ ସହ କୁହ.	3.9s
1.36	eng-ukg-phonics-s04.mp3	ସି ର ଧ୍ୱନି, କ. ମୋ ସହ କୁହ.	3.9s
1.36	eng-nur-colors-s02.mp3	ଏହା ନାଲି.	1.4s
1.36	eng-ukg-phonics-s06.mp3	ଇ ର ଧ୍ୱନି, ଏ. ମୋ ସହ କୁହ.	3.9s
1.36	math-nur-count-1-20-s02.mp3	ଏବେ କୁହ, ଦୁଇ.	2.1s
1.37	math-nur-count-1-20-s09.mp3	ଏବେ କୁହ, ନଅ.	2.2s
1.37	evs-lkg-body-parts-s09.mp3	ଏହା ପେଟ.	1.4s
1.39	eng-lkg-myself-s02.mp3	ଏ ମୋ ମାଆ.	1.5s
1.39	eng-ukg-phonics-s05.mp3	ଡି ର ଧ୍ୱନି, ଡ. ମୋ ସହ କୁହ.	4.0s
1.40	eng-lkg-two-letter-words-s07.mp3	ଦେଖ, ଜି ଆଉ ଓ.	2.2s
1.41	eng-ukg-phonics-s12.mp3	ଜେ ର ଧ୍ୱନି, ଜ. ମୋ ସହ କୁହ.	4.1s
1.41	eng-nur-alphabets-s77.mp3	ଏହା ଛୋଟ ଜେଡ.	2.2s
1.41	eng-ukg-phonics-s03.mp3	ବି ର ଧ୍ୱନି, ବ. ମୋ ସହ କୁହ.	4.1s
1.42	hin-ukg-vyanjan-s36.mp3	ଏବେ ଶ, ଷ, ସ, ହ ଦେଖ.	3.0s
1.42	eng-lkg-two-letter-words-s05.mp3	ଦେଖ, ୟୁ ଆଉ ପି.	2.2s
1.43	hin-ukg-vyanjan-s21.mp3	ଏହା ଥ.	1.1s
1.43	hin-ukg-vyanjan-s30.mp3	ଏହା ମ.	1.1s
1.43	eng-lkg-three-letter-words-s05.mp3	ଦେଖ, ଏସ, ୟୁ, ଏନ.	2.6s
1.44	math-lkg-opposites-s01.mp3	ଏହା ବଡ଼.	1.5s
1.44	math-nur-big-small-s01.mp3	ଏହା ବଡ଼.	1.5s
1.44	hin-ukg-vyanjan-s17.mp3	ଏହା ଢ.	1.1s
1.44	hin-ukg-vyanjan-s22.mp3	ଏହା ଦ.	1.1s
1.44	hin-ukg-vyanjan-s28.mp3	ଏହା ବ.	1.1s
1.45	eng-nur-alphabets-s30.mp3	ଜେ, ଜିପ, ମାନେ ଜିପ.	2.7s
1.46	eng-lkg-myself-s03.mp3	ଏ ମୋ ବାପା.	1.5s
1.46	eng-lkg-in-on-under-s04.mp3	ଉପରେ. ତଳେ. ଭିତରେ.	3.1s
1.46	hin-ukg-vyanjan-s31.mp3	ଏବେ ଯ, ର, ଲ, ଵ ଦେଖ.	3.1s
1.47	hin-ukg-swar-s07.mp3	ଏହା ଊ. କୁହ, ଊ.	2.3s
1.47	math-nur-thick-thin-s01.mp3	ଏହା ମୋଟା.	1.5s
1.47	hin-ukg-swar-s06.mp3	ଏହା ଉ. କୁହ, ଉ.	2.3s
1.47	hin-ukg-vyanjan-s39.mp3	ଏହା ସ.	1.2s
1.49	hin-ukg-vyanjan-s03.mp3	ଏହା ଖ.	1.2s
1.49	hin-ukg-vyanjan-s04.mp3	ଏହା ଗ.	1.2s
1.49	hin-ukg-vyanjan-s15.mp3	ଏହା ଠ.	1.2s
1.49	hin-ukg-vyanjan-s37.mp3	ଏହା ଶ.	1.2s
1.49	eng-nur-alphabets-s21.mp3	ଜି, ଗୋଟ, ମାନେ ଛେଳି.	2.7s
1.50	hin-ukg-vyanjan-s02.mp3	ଏହା କ.	1.2s
1.50	hin-ukg-vyanjan-s05.mp3	ଏହା ଘ.	1.2s
1.50	hin-ukg-vyanjan-s09.mp3	ଏହା ଛ.	1.2s
1.50	hin-ukg-vyanjan-s24.mp3	ଏହା ନ.	1.2s
1.50	hin-ukg-vyanjan-s29.mp3	ଏହା ଭ.	1.2s
1.50	hin-ukg-vyanjan-s34.mp3	ଏହା ଲ.	1.2s
1.50	hin-ukg-vyanjan-s38.mp3	ଏହା ଷ.	1.2s
1.52	hin-ukg-vyanjan-s11.mp3	ଏହା ଝ.	1.2s
1.53	hin-ukg-swar-s09.mp3	ଏହା ଋ. କୁହ, ଋ.	2.4s
1.53	hin-ukg-vyanjan-s12.mp3	ଏହା ଞ.	1.2s
1.53	hin-ukg-vyanjan-s23.mp3	ଏହା ଧ.	1.2s
1.55	hin-ukg-vyanjan-s06.mp3	ଏହା ଙ.	1.2s
1.55	hin-ukg-vyanjan-s20.mp3	ଏହା ତ.	1.2s
1.56	hin-ukg-swar-s05.mp3	ଏହା ଈ. କୁହ, ଈ.	2.5s
1.56	hin-ukg-vyanjan-s18.mp3	ଏହା ଣ.	1.2s
1.57	hin-ukg-swar-s04.mp3	ଏହା ଇ. କୁହ, ଇ.	2.5s
1.58	hin-ukg-swar-s13.mp3	ଏହା ଔ. କୁହ, ଔ.	2.5s
1.58	eng-lkg-three-letter-words-s01.mp3	ଦେଖ, ସି, ଏ,ଟି.	2.1s
1.58	hin-ukg-teen-akshar-s01.mp3	ଦେଖ, କ, ମ, ଲ.	2.1s
1.59	hin-ukg-swar-s02.mp3	ଏହା ଅ. କୁହ, ଅ.	2.5s
1.59	hin-ukg-vyanjan-s10.mp3	ଏହା ଜ.	1.3s
1.59	hin-ukg-vyanjan-s14.mp3	ଏହା ଟ.	1.3s
1.59	hin-ukg-vyanjan-s33.mp3	ଏହା ର.	1.3s
1.60	hin-ukg-swar-s11.mp3	ଏହା ଐ. କୁହ, ଐ.	2.5s
1.61	hin-ukg-swar-s03.mp3	ଏହା ଆ. କୁହ, ଆ.	2.5s
1.61	hin-ukg-swar-s10.mp3	ଏହା ଏ. କୁହ, ଏ.	2.5s
1.61	hin-ukg-vyanjan-s26.mp3	ଏହା ପ.	1.3s
1.62	hin-ukg-vyanjan-s40.mp3	ଏହା ହ.	1.3s
1.63	eng-lkg-three-letter-words-s11.mp3	ଦେଖ, ବି, ୟୁ, ଏସ.	2.6s
1.64	hin-ukg-vyanjan-s27.mp3	ଏହା ଫ.	1.3s
1.67	hin-ukg-swar-s12.mp3	ଏହା ଓ. କୁହ, ଓ.	2.6s
1.68	hin-ukg-vyanjan-s08.mp3	ଏହା ଚ.	1.3s
1.68	hin-ukg-vyanjan-s32.mp3	ଏହା ଯ.	1.3s
1.70	hin-ukg-do-akshar-s03.mp3	ଦେଖ, କ, ଲ.	1.8s
1.74	hin-ukg-vyanjan-s16.mp3	ଏହା ଡ.	1.4s
1.75	eng-nur-alphabets-s76.mp3	ଏହା ବଡ଼ ଜେଡ.	2.8s
1.76	eng-lkg-three-letter-words-s03.mp3	ଦେଖ, ଡି, ଓ, ଜି.	2.3s
1.76	hin-ukg-char-akshar-s07.mp3	ଦେଖ, ଅ, ଜ, ଗ, ର.	2.8s
1.78	hin-ukg-teen-akshar-s07.mp3	ଦେଖ, ମ, କ, ର.	2.3s
1.80	hin-ukg-teen-akshar-s11.mp3	ଦେଖ, ଭ, ଵ, ନ.	2.4s
1.83	hin-ukg-char-akshar-s01.mp3	ଦେଖ, ମ, କ, ସ, ଦ.	2.9s
1.84	hin-ukg-teen-akshar-s09.mp3	ଦେଖ, ଚ, ମ, କ.	2.4s
1.87	hin-ukg-teen-akshar-s03.mp3	ଦେଖ, ନ, ମ, କ.	2.5s
1.89	hin-ukg-char-akshar-s05.mp3	ଦେଖ, ନ, ଟ, ଖ, ଟ.	3.0s
1.89	hin-ukg-char-akshar-s03.mp3	ଦେଖ, ବ, ର, ଗ, ଦ.	3.0s
1.92	eng-lkg-three-letter-words-s07.mp3	ଦେଖ, ସି, ୟୁ, ପି.	2.5s
1.94	hin-ukg-do-akshar-s05.mp3	ଦେଖ, ଘ, ର.	2.0s
1.95	hin-ukg-teen-akshar-s05.mp3	ଦେଖ, ସ, ର, ଲ.	2.6s
1.98	hin-ukg-do-akshar-s01.mp3	ଦେଖ, ନ, ଲ.	2.1s
2.00	hin-ukg-do-akshar-s11.mp3	ଦେଖ, ବ, ସ.	2.1s
2.08	hin-ukg-do-akshar-s07.mp3	ଦେଖ, ଜ, ଲ.	2.2s
2.10	hin-ukg-do-akshar-s09.mp3	ଦେଖ, ମ, ନ.	2.2s
